plano;area_tematica;uo_sigla;intervencao; valor previsto ;
v3;Transportes;DER/MG;Conservação rotineira da Malha Viária; 575.047.787 ;
v3;Transportes;DER/MG;Reabilitação da malha viária (diversos trechos); 149.500.000 ;
v3;Transportes;DER/MG;Implantação/Pavimentação da Malha Viária (diversos trechos); 50.000.000 ;
v3;Transportes;DER/MG;Mitigação de danos pontuais nas rodovias; 23.500.000 ;
v3;Transportes;DER/MG;Ampliação de Capacidade da Malha Viária (diversos trechos); 20.000.000 ;
v3;Transportes;DER/MG;Suporte à Gestão dos Ativos Rodoviários; 20.000.000 ;
v3;Transportes;DER/MG;Prevenção e Mitigação de danos ambientais; 2.000.000 ;
v3;Transportes;DER/MG;Implantação e restauração de Obras de Artes Especiais; 2.000.000 ;
v3;Transportes;FUNTRANS;Regulação do Uso e Ocupação da Faixa de Domínio; 1.000.000 ;
v3;Transportes;FUNTRANS;Intervenções de Segurança Viária; 500.000 ;
v3;Transportes;FUNTRANS;Educação para o Trânsito – Aquisição e fornecimento de equipamentos; 50.000 ;
v3;Transportes;SEINFRA;Programa de Doação de Materiais de Infraestrutura Municipal; 10.016.092 ;
v3;Transportes;SEINFRA;Fomento a Infraestrutura Municipal por meio de convênios de saída; 6.000.000 ;
v3;Transportes;SEINFRA;Pavimentação do acesso ao Presídio de Iturama; 3.793.614 ;
v3;Transportes;SEINFRA;Estações MG010; 3.000.000 ;
v3;Transportes;SEINFRA;Pavimentação do trecho Paracatu-Entre Ribeiros; 2.257.784 ;
v3;Transportes;SEINFRA;Pavimentação do trecho Canápolis; 439.393 ;
v3;Transportes;SEINFRA;Construção de passarela na MG-010 próximo à Cidade Administrativa; 393.263 ;
v3;Habitação;SEINFRA;PAC Ferrugem ; 2.750.223 ;
v3;Habitação;SEINFRA;PAC FNHIS ; 958.711 ;
v3;Saneamento;SEINFRA;PAC Riacho das Pedras ; 2.371.788 ;
v3;Saneamento;SEINFRA;PAC Encostas ; 2.246.984 ;
v3;Segurança Pública;PMMG;Combate ao Crime Organizado; 212.809.746 ;
v3;Segurança Pública;PMMG;Renovação, Adequação e Diversificação da Frota Terrestre Operacional; 87.041.907 ;
v3;Segurança Pública;PMMG;Renovação da Frota de Helicópteros; 38.000.000 ;
v3;Segurança Pública;PMMG;Estruturação e modernização do parque tecnológico; 13.730.929 ;
v3;Segurança Pública;PMMG;Projeto COMAF/BOPE; 1.841.679 ;
v3;Segurança Pública;CBMMG;Aquisição de viaturas; 17.619.500 ;
v3;Segurança Pública;CBMMG;Construção do Hangar de Governador Valadares  do CBMMG; 1.094.541 ;
v3;Segurança Pública;PCMG;Fortalecimento Tecnológico da PCMG; 16.662.980 ;
v3;Segurança Pública;PCMG;Renovação da frota, por meio da aquisição de veículos operacionais; 13.475.950 ;
v3;Segurança Pública;PCMG;Aquisição de pistolas calibre 9mm; 7.500.000 ;
v3;Segurança Pública;PCMG;Renovação do Mobiliário das Unidades Policiais (SIPJ); 5.720.020 ;
v3;Segurança Pública;PCMG;Fortalecimento da Cadeia de Custódia; 4.311.396 ;
v3;Segurança Pública;PCMG;Melhoria das Condições de Trabalho - PCMG (SIPJ); 4.110.000 ;
v3;Segurança Pública;PCMG;Modernização tecnológica das Unidades de Inteligência da SPTC; 840.010 ;
v3;Segurança Pública;PCMG;Fortalecimento da Superintendência de Informações e Inteligência Policial; 800.541 ;
v3;Segurança Pública;PCMG;Valorização dos Servidores - Estruturação de espaço de apoio e bem estar; 310.557 ;
v3;Segurança Pública;SEJUSP;Aquisição de veículos para modernização da frota do sistema prisional; 8.400.000 ;
v3;EPT;SEE;EPT - Educação Profissional Técnica de nível médio; 562.326.599 ;
v1;Transportes;DER/MG;Conservação rotineira da Malha Viária; 478.541.359,15 ;
v1;Transportes;DER/MG;Implantação/Pavimentação da Malha Viária (diversos trechos); 261.876.784 ;
v1;Transportes;DER/MG;Ampliação de Capacidade da Malha Viária (diversos trechos); 66.348.814 ;
v1;Transportes;DER/MG;Reabilitação da malha viária (diversos trechos); 66.289.737 ;
v1;Transportes;DER/MG;Suporte à Gestão dos Ativos Rodoviários; 59.506.353 ;
v1;Transportes;DER/MG;Prevenção e Mitigação de danos ambientais; 37.900.000 ;
v1;Transportes;DER/MG;Implantação do Contorno de Andradas; 35.000.000 ;
v1;Transportes;DER/MG;Implantação e restauração de Obras de Artes Especiais; 21.688.359 ;
v1;Transportes;DER/MG;Mitigação de danos pontuais nas rodovias; 20.000.000 ;
v1;Transportes;SEINFRA;Programa de Doação de Materiais de Infraestrutura Municipal; 16.016.092 ;
v1;Transportes;SEINFRA;Estações MG010; 3.000.000 ;
v1;Habitação;SEINFRA;PAC Ferrugem ; 2.750.223 ;
v1;Saneamento;SEINFRA;PAC Riacho das Pedras ; 2.371.788 ;
v1;Transportes;SEINFRA;Pavimentação do trecho Paracatu-Entre Ribeiros; 2.257.784 ;
v1;Saneamento;SEINFRA;PAC Encostas ; 2.246.984 ;
v1;Habitação;SEINFRA;PAC FNHIS ; 2.018.300 ;
v1;Transportes;SEINFRA;Pavimentação do trecho Itapagipe a Campina Verde; 1.653.237 ;
v1;Transportes;SEINFRA;Pavimentação do trecho Jaboticatubas-Lagoa Santa; 798.959 ;
v1;Transportes;SEINFRA;Pavimentação do acesso ao Presídio de Iturama; 705.338 ;
v1;Transportes;SEINFRA;Construção de passarela na MG-010 próximo à Cidade Administrativa; 393.263 ;
v1;Transportes;SEINFRA;Pavimentação do trecho Consolação-Cambuí; 15.884 ;
v1;Transportes;FUNTRANS;Regulação do Uso e Ocupação da Faixa de Domínio; 4.104.010 ;
v1;Transportes;FUNTRANS;Intervenções de Segurança Viária; 3.569.738 ;
v1;Transportes;FUNTRANS;Educação para o Trânsito – Aquisição e fornecimento de equipamentos; 60.000 ;
v1;Segurança Pública;PMMG;Renovação, Adequação e Diversificação da Frota Terrestre Operacional; 87.041.907 ;
v1;Segurança Pública;PMMG;Renovação da Frota de Helicópteros; 36.403.361 ;
v1;Segurança Pública;PMMG;Projeto COMAF/BOPE; 1.841.679 ;
v1;Segurança Pública;CBMMG;Aquisição de viaturas; 17.619.500 ;
v1;Segurança Pública;PCMG;Renovação da frota, por meio da aquisição de veículos operacionais; 13.475.950 ;
v1;Segurança Pública;SEJUSP;Aquisição de veículos para modernização da frota do sistema prisional; 8.400.000 ;
v1;EPT;SEE;EPT - Educação Profissional Técnica de nível médio; 620.526.592 ;
v2;Transportes;DER/MG;Conservação rotineira da Malha Viária; 542.371.770 ;
v2;Transportes;DER/MG;Implantação/Pavimentação da Malha Viária (diversos trechos); 311.876.784 ;
v2;Transportes;DER/MG;Ampliação de Capacidade da Malha Viária (diversos trechos); 168.348.814 ;
v2;Transportes;DER/MG;Reabilitação da malha viária (diversos trechos); 203.189.737 ;
v2;Transportes;DER/MG;Suporte à Gestão dos Ativos Rodoviários; 59.506.353 ;
v2;Transportes;DER/MG;Prevenção e Mitigação de danos ambientais; 37.900.000 ;
v2;Transportes;DER/MG;Implantação do Contorno de Andradas; 35.000.000 ;
v2;Transportes;DER/MG;Implantação e restauração de Obras de Artes Especiais; 30.188.359 ;
v2;Transportes;DER/MG;Mitigação de danos pontuais nas rodovias; 20.000.000 ;
v2;Transportes;SEINFRA;Programa de Doação de Materiais de Infraestrutura Municipal; 16.016.092 ;
v2;Transportes;SEINFRA;Estações MG010; 3.000.000 ;
v2;Habitação;SEINFRA;PAC Ferrugem ; 2.750.223 ;
v2;Saneamento;SEINFRA;PAC Riacho das Pedras ; 2.371.788 ;
v2;Transportes;SEINFRA;Pavimentação do trecho Paracatu-Entre Ribeiros; 2.257.784 ;
v2;Saneamento;SEINFRA;PAC Encostas ; 2.246.984 ;
v2;Habitação;SEINFRA;PAC FNHIS ; 2.018.300 ;
v2;Transportes;SEINFRA;Pavimentação do trecho Itapagipe a Campina Verde; 1.653.237 ;
v2;Transportes;SEINFRA;Pavimentação do trecho Jaboticatubas-Lagoa Santa; 798.959 ;
v2;Transportes;SEINFRA;Pavimentação do acesso ao Presídio de Iturama; 705.338 ;
v2;Transportes;SEINFRA;Construção de passarela na MG-010 próximo à Cidade Administrativa; 393.263 ;
v2;Transportes;SEINFRA;Pavimentação do trecho Consolação-Cambuí; 15.884 ;
v2;Transportes;FUNTRANS;Regulação do Uso e Ocupação da Faixa de Domínio; 4.104.010 ;
v2;Transportes;FUNTRANS;Intervenções de Segurança Viária; 3.569.738 ;
v2;Transportes;FUNTRANS;Educação para o Trânsito – Aquisição e fornecimento de equipamentos; 60.000 ;
v2;Segurança Pública;PMMG;Renovação, Adequação e Diversificação da Frota Terrestre Operacional; 87.041.907 ;
v2;Segurança Pública;PMMG;Renovação da Frota de Helicópteros; 36.403.361 ;
v2;Segurança Pública;PMMG;Projeto COMAF/BOPE; 1.841.679 ;
v2;Segurança Pública;PMMG;Combate ao Crime Organizado; 214.348.616 ;
v2;Segurança Pública;PMMG;Estruturação e modernização do parque tecnológico; 12.192.060 ;
v2;Segurança Pública;CBMMG;Aquisição de viaturas; 17.619.500 ;
v2;Segurança Pública;PCMG;Renovação da frota, por meio da aquisição de veículos operacionais; 13.475.950 ;
v2;Segurança Pública;PCMG;Fortalecimento Tecnológico da PCMG; 10.023.000 ;
v2;Segurança Pública;PCMG;Melhoria das Condições de Trabalho - PCMG (SIPJ); 4.110.000 ;
v2;Segurança Pública;PCMG;Valorização dos Servidores - Estruturação de espaço de apoio e bem estar (copa e refeitório) (SPTC); 310.557 ;
v2;Segurança Pública;PCMG;Fortalecimento da Superintendência de Informações e Inteligência Policial (SIIP/PCMG); 800.541 ;
v2;Segurança Pública;PCMG;Fortalecimento da Cadeia de Custódia; 4.311.396 ;
v2;Segurança Pública;PCMG;Aquisição de Comparador Balístico; 502.979 ;
v2;Segurança Pública;PCMG;Modernização tecnológica das Unidades de Inteligência da SPTC (Workstations + monitores ultrawide); 337.031 ;
v2;Segurança Pública;PCMG;Renovação do Mobiliário das Unidades Policiais (SIPJ); 12.360.000 ;
v2;Segurança Pública;SEJUSP;Aquisição de veículos para modernização da frota do sistema prisional; 8.400.000 ;
v2;EPT;SEE;EPT - Educação Profissional Técnica de nível médio; -   ;
