ano,uo_cod,acao_cod,area_tematica
2026,1251,4365,Segurança Pública
2026,1251,4366,Segurança Pública
2026,1261,2118,EPT
2026,1261,2126,EPT
2026,1261,4511,EPT
2026,1261,4512,EPT
2026,1261,4519,EPT
2026,1301,1035,Transportes
2026,1301,1036,Saneamento
2026,1301,1037,Transportes
2026,1301,1038,Habitação
2026,1301,1039,Habitação
2026,1301,1041,Saneamento
2026,1301,4262,Transportes
2026,1301,4290,Transportes
2026,1401,4114,Segurança Pública
2026,1401,4120,Segurança Pública
2026,1511,1051,Segurança Pública
2026,1511,4060,Segurança Pública
2026,1511,4061,Segurança Pública
2026,2091,2500,Demais
2026,2301,4162,Transportes
2026,2301,4268,Transportes
2026,2301,4272,Transportes
2026,2301,4275,Transportes
2026,2301,4280,Transportes
2026,2301,4284,Transportes
2026,2301,4293,Transportes
2026,2301,4385,Transportes
2026,4381,4209,Transportes
2026,4381,4210,Transportes
2026,4381,4382,Transportes
2026,4631,4216,Transportes
2026,4631,4223,Transportes
2026,1451,1048,Segurança Pública
