ano,mes_cod,uo_cod,fonte_cod,receita_cod,receita_cod_formatado,vlr_previsto_inicial,vlr_previsto_adicional,vlr_previsto_atualizado,vlr_contabilizado,vlr_efetivado_ajustado
2026,5,9999,89,1321010101000,1321.01.0.1.01.000,0,0,0,588421.61,585094.5
2026,4,9999,89,1321010101000,1321.01.0.1.01.000,0,0,0,0.0,588421.61
2026,3,9999,89,1321010101000,1321.01.0.1.01.000,0,0,0,526338.75,0.0
2026,1,9999,89,2441520101000,2441.52.0.1.01.000,622052000,0,622052000,0.0,34683178.22
2026,2,9999,89,2441520101000,2441.52.0.1.01.000,0,0,0,34683178.22,0.0
2026,1,9999,89,1321010101000,1321.01.0.1.01.000,0,0,0,0.0,551092.46
2026,7,9999,89,1321010101000,1321.01.0.1.01.000,0,0,0,617091.2,676641.77
2026,6,9999,89,1321010101000,1321.01.0.1.01.000,0,0,0,585094.5,617091.2
2026,2,9999,89,1321010101000,1321.01.0.1.01.000,0,6720000,6720000,551092.46,526338.75
2026,8,9999,89,1321010101000,1321.01.0.1.01.000,0,0,0,676641.77,0.0
