ano,ano_rp,mes_cod,uo_cod,acao_cod,fonte_cod,ipu_cod,categoria_propag,vlr_despesa_liquidada_rpnp,uo_nome,uo_sigla,uo_sigla_current,acao_desc,area_tematica
2026,2025,1,2301,4293,10,0,Investimentos Próprios,898770.19,DEPARTAMENTO DE ESTRADAS DE RODAGEM DO ESTADO DE MINAS GERAIS,DER-MG,DER-MG,CONSERVACAO ROTINEIRA DA MALHA VIARIA,Transportes
2026,2025,1,2301,4293,10,0,Investimentos Próprios,478780.8,DEPARTAMENTO DE ESTRADAS DE RODAGEM DO ESTADO DE MINAS GERAIS,DER-MG,DER-MG,CONSERVACAO ROTINEIRA DA MALHA VIARIA,Transportes
2026,2025,1,2301,4293,10,0,Investimentos Próprios,0.0,DEPARTAMENTO DE ESTRADAS DE RODAGEM DO ESTADO DE MINAS GERAIS,DER-MG,DER-MG,CONSERVACAO ROTINEIRA DA MALHA VIARIA,Transportes
2026,2025,1,2301,4293,10,0,Investimentos Próprios,20245.5,DEPARTAMENTO DE ESTRADAS DE RODAGEM DO ESTADO DE MINAS GERAIS,DER-MG,DER-MG,CONSERVACAO ROTINEIRA DA MALHA VIARIA,Transportes
2026,2025,1,2301,4293,10,0,Investimentos Próprios,186395.38,DEPARTAMENTO DE ESTRADAS DE RODAGEM DO ESTADO DE MINAS GERAIS,DER-MG,DER-MG,CONSERVACAO ROTINEIRA DA MALHA VIARIA,Transportes
2026,2025,1,2301,4293,10,0,Investimentos Próprios,0.0,DEPARTAMENTO DE ESTRADAS DE RODAGEM DO ESTADO DE MINAS GERAIS,DER-MG,DER-MG,CONSERVACAO ROTINEIRA DA MALHA VIARIA,Transportes
2026,2025,1,2301,4293,10,0,Investimentos Próprios,5166.18,DEPARTAMENTO DE ESTRADAS DE RODAGEM DO ESTADO DE MINAS GERAIS,DER-MG,DER-MG,CONSERVACAO ROTINEIRA DA MALHA VIARIA,Transportes
2026,2025,1,1251,4365,15,0,Investimentos Próprios,0.0,POLICIA MILITAR DO ESTADO DE MINAS GERAIS,PMMG,PMMG,POLICIAMENTO OSTENSIVO GERAL,Segurança Pública
2026,2025,1,1251,4366,15,0,Investimentos Próprios,0.0,POLICIA MILITAR DO ESTADO DE MINAS GERAIS,PMMG,PMMG,ESTRUTURACAO E MODERNIZACAO,Segurança Pública
2026,2025,1,2301,4293,10,0,Investimentos Próprios,381471.37,DEPARTAMENTO DE ESTRADAS DE RODAGEM DO ESTADO DE MINAS GERAIS,DER-MG,DER-MG,CONSERVACAO ROTINEIRA DA MALHA VIARIA,Transportes
2026,2025,1,2301,4293,10,0,Investimentos Próprios,846423.85,DEPARTAMENTO DE ESTRADAS DE RODAGEM DO ESTADO DE MINAS GERAIS,DER-MG,DER-MG,CONSERVACAO ROTINEIRA DA MALHA VIARIA,Transportes
2026,2025,1,2301,4275,10,0,Investimentos Próprios,0.0,DEPARTAMENTO DE ESTRADAS DE RODAGEM DO ESTADO DE MINAS GERAIS,DER-MG,DER-MG,IMPLANTACAO/PAVIMENTACAO DA MALHA,Transportes
2026,2025,1,2301,4293,10,0,Investimentos Próprios,0.0,DEPARTAMENTO DE ESTRADAS DE RODAGEM DO ESTADO DE MINAS GERAIS,DER-MG,DER-MG,CONSERVACAO ROTINEIRA DA MALHA VIARIA,Transportes
2026,2025,1,2301,4293,10,0,Investimentos Próprios,0.0,DEPARTAMENTO DE ESTRADAS DE RODAGEM DO ESTADO DE MINAS GERAIS,DER-MG,DER-MG,CONSERVACAO ROTINEIRA DA MALHA VIARIA,Transportes
2026,2025,1,2301,4293,10,0,Investimentos Próprios,0.0,DEPARTAMENTO DE ESTRADAS DE RODAGEM DO ESTADO DE MINAS GERAIS,DER-MG,DER-MG,CONSERVACAO ROTINEIRA DA MALHA VIARIA,Transportes
2026,2025,1,2301,4293,10,0,Investimentos Próprios,0.0,DEPARTAMENTO DE ESTRADAS DE RODAGEM DO ESTADO DE MINAS GERAIS,DER-MG,DER-MG,CONSERVACAO ROTINEIRA DA MALHA VIARIA,Transportes
2026,2025,1,2301,4293,10,0,Investimentos Próprios,5166.18,DEPARTAMENTO DE ESTRADAS DE RODAGEM DO ESTADO DE MINAS GERAIS,DER-MG,DER-MG,CONSERVACAO ROTINEIRA DA MALHA VIARIA,Transportes
2026,2025,1,1511,4060,15,0,Investimentos Próprios,0.0,POLICIA CIVIL DO ESTADO DE MINAS GERAIS,PCMG,PCMG,GESTAO DAS UNIDADES POLICIAIS,Segurança Pública
2026,2025,1,1511,4060,15,0,Investimentos Próprios,0.0,POLICIA CIVIL DO ESTADO DE MINAS GERAIS,PCMG,PCMG,GESTAO DAS UNIDADES POLICIAIS,Segurança Pública
2026,2025,1,1401,4114,15,0,Investimentos Próprios,0.0,CORPO DE BOMBEIROS MILITAR DO ESTADO DE MINAS GERAIS,CBMMG,CBMMG,"GESTAO DA PREVENCAO, MITIGACAO E PREPARACAO DE DESASTRE",Segurança Pública
2026,2025,1,1251,4365,15,0,Investimentos Próprios,0.0,POLICIA MILITAR DO ESTADO DE MINAS GERAIS,PMMG,PMMG,POLICIAMENTO OSTENSIVO GERAL,Segurança Pública
2026,2025,1,1251,4365,15,0,Investimentos Próprios,0.0,POLICIA MILITAR DO ESTADO DE MINAS GERAIS,PMMG,PMMG,POLICIAMENTO OSTENSIVO GERAL,Segurança Pública
2026,2025,1,1251,4366,15,0,Investimentos Próprios,0.0,POLICIA MILITAR DO ESTADO DE MINAS GERAIS,PMMG,PMMG,ESTRUTURACAO E MODERNIZACAO,Segurança Pública
2026,2025,1,2301,4293,10,0,Investimentos Próprios,0.0,DEPARTAMENTO DE ESTRADAS DE RODAGEM DO ESTADO DE MINAS GERAIS,DER-MG,DER-MG,CONSERVACAO ROTINEIRA DA MALHA VIARIA,Transportes
2026,2025,1,2301,4293,10,0,Investimentos Próprios,375074.92,DEPARTAMENTO DE ESTRADAS DE RODAGEM DO ESTADO DE MINAS GERAIS,DER-MG,DER-MG,CONSERVACAO ROTINEIRA DA MALHA VIARIA,Transportes
2026,2025,1,2301,4293,10,0,Investimentos Próprios,0.0,DEPARTAMENTO DE ESTRADAS DE RODAGEM DO ESTADO DE MINAS GERAIS,DER-MG,DER-MG,CONSERVACAO ROTINEIRA DA MALHA VIARIA,Transportes
2026,2025,1,2301,4293,10,0,Investimentos Próprios,0.0,DEPARTAMENTO DE ESTRADAS DE RODAGEM DO ESTADO DE MINAS GERAIS,DER-MG,DER-MG,CONSERVACAO ROTINEIRA DA MALHA VIARIA,Transportes
2026,2025,1,1511,4060,15,0,Investimentos Próprios,0.0,POLICIA CIVIL DO ESTADO DE MINAS GERAIS,PCMG,PCMG,GESTAO DAS UNIDADES POLICIAIS,Segurança Pública
2026,2025,1,2301,4293,10,0,Investimentos Próprios,309538.29,DEPARTAMENTO DE ESTRADAS DE RODAGEM DO ESTADO DE MINAS GERAIS,DER-MG,DER-MG,CONSERVACAO ROTINEIRA DA MALHA VIARIA,Transportes
2026,2025,1,2301,4293,10,0,Investimentos Próprios,0.0,DEPARTAMENTO DE ESTRADAS DE RODAGEM DO ESTADO DE MINAS GERAIS,DER-MG,DER-MG,CONSERVACAO ROTINEIRA DA MALHA VIARIA,Transportes
2026,2025,1,2301,4293,10,0,Investimentos Próprios,575133.78,DEPARTAMENTO DE ESTRADAS DE RODAGEM DO ESTADO DE MINAS GERAIS,DER-MG,DER-MG,CONSERVACAO ROTINEIRA DA MALHA VIARIA,Transportes
2026,2025,1,2301,4293,10,0,Investimentos Próprios,330800.73,DEPARTAMENTO DE ESTRADAS DE RODAGEM DO ESTADO DE MINAS GERAIS,DER-MG,DER-MG,CONSERVACAO ROTINEIRA DA MALHA VIARIA,Transportes
2026,2025,1,2301,4293,10,0,Investimentos Próprios,0.0,DEPARTAMENTO DE ESTRADAS DE RODAGEM DO ESTADO DE MINAS GERAIS,DER-MG,DER-MG,CONSERVACAO ROTINEIRA DA MALHA VIARIA,Transportes
2026,2025,1,2301,4293,10,0,Investimentos Próprios,34992.87,DEPARTAMENTO DE ESTRADAS DE RODAGEM DO ESTADO DE MINAS GERAIS,DER-MG,DER-MG,CONSERVACAO ROTINEIRA DA MALHA VIARIA,Transportes
2026,2025,1,1251,4365,15,0,Investimentos Próprios,0.0,POLICIA MILITAR DO ESTADO DE MINAS GERAIS,PMMG,PMMG,POLICIAMENTO OSTENSIVO GERAL,Segurança Pública
2026,2025,1,1251,4366,15,0,Investimentos Próprios,0.0,POLICIA MILITAR DO ESTADO DE MINAS GERAIS,PMMG,PMMG,ESTRUTURACAO E MODERNIZACAO,Segurança Pública
2026,2025,1,1451,1048,15,0,Investimentos Próprios,0.0,SECRETARIA DE ESTADO DE JUSTICA E SEGURANCA PUBLICA,SEJUSP,SEJUSP,MODERNIZACAO E EXPANSAO DO SISTEMA PRISIONAL,Segurança Pública
2026,2025,1,2301,4293,10,0,Investimentos Próprios,428689.54,DEPARTAMENTO DE ESTRADAS DE RODAGEM DO ESTADO DE MINAS GERAIS,DER-MG,DER-MG,CONSERVACAO ROTINEIRA DA MALHA VIARIA,Transportes
2026,2025,1,2301,4293,10,0,Investimentos Próprios,399405.55,DEPARTAMENTO DE ESTRADAS DE RODAGEM DO ESTADO DE MINAS GERAIS,DER-MG,DER-MG,CONSERVACAO ROTINEIRA DA MALHA VIARIA,Transportes
2026,2025,1,2301,4293,10,0,Investimentos Próprios,462650.13,DEPARTAMENTO DE ESTRADAS DE RODAGEM DO ESTADO DE MINAS GERAIS,DER-MG,DER-MG,CONSERVACAO ROTINEIRA DA MALHA VIARIA,Transportes
2026,2025,1,2301,4293,10,0,Investimentos Próprios,0.0,DEPARTAMENTO DE ESTRADAS DE RODAGEM DO ESTADO DE MINAS GERAIS,DER-MG,DER-MG,CONSERVACAO ROTINEIRA DA MALHA VIARIA,Transportes
2026,2025,1,2301,4293,10,0,Investimentos Próprios,0.0,DEPARTAMENTO DE ESTRADAS DE RODAGEM DO ESTADO DE MINAS GERAIS,DER-MG,DER-MG,CONSERVACAO ROTINEIRA DA MALHA VIARIA,Transportes
2026,2025,1,1251,4365,15,0,Investimentos Próprios,0.0,POLICIA MILITAR DO ESTADO DE MINAS GERAIS,PMMG,PMMG,POLICIAMENTO OSTENSIVO GERAL,Segurança Pública
2026,2025,1,1401,4114,15,0,Investimentos Próprios,0.0,CORPO DE BOMBEIROS MILITAR DO ESTADO DE MINAS GERAIS,CBMMG,CBMMG,"GESTAO DA PREVENCAO, MITIGACAO E PREPARACAO DE DESASTRE",Segurança Pública
2026,2025,1,1251,4365,15,0,Investimentos Próprios,0.0,POLICIA MILITAR DO ESTADO DE MINAS GERAIS,PMMG,PMMG,POLICIAMENTO OSTENSIVO GERAL,Segurança Pública
2026,2025,1,1251,4366,15,0,Investimentos Próprios,0.0,POLICIA MILITAR DO ESTADO DE MINAS GERAIS,PMMG,PMMG,ESTRUTURACAO E MODERNIZACAO,Segurança Pública
2026,2025,1,2301,4293,10,0,Investimentos Próprios,456729.38,DEPARTAMENTO DE ESTRADAS DE RODAGEM DO ESTADO DE MINAS GERAIS,DER-MG,DER-MG,CONSERVACAO ROTINEIRA DA MALHA VIARIA,Transportes
2026,2025,1,2301,4293,10,0,Investimentos Próprios,599507.0,DEPARTAMENTO DE ESTRADAS DE RODAGEM DO ESTADO DE MINAS GERAIS,DER-MG,DER-MG,CONSERVACAO ROTINEIRA DA MALHA VIARIA,Transportes
2026,2025,1,2301,4293,10,0,Investimentos Próprios,403216.0,DEPARTAMENTO DE ESTRADAS DE RODAGEM DO ESTADO DE MINAS GERAIS,DER-MG,DER-MG,CONSERVACAO ROTINEIRA DA MALHA VIARIA,Transportes
2026,2025,1,2301,4293,10,0,Investimentos Próprios,0.0,DEPARTAMENTO DE ESTRADAS DE RODAGEM DO ESTADO DE MINAS GERAIS,DER-MG,DER-MG,CONSERVACAO ROTINEIRA DA MALHA VIARIA,Transportes
2026,2025,1,2301,4293,10,0,Investimentos Próprios,214951.55,DEPARTAMENTO DE ESTRADAS DE RODAGEM DO ESTADO DE MINAS GERAIS,DER-MG,DER-MG,CONSERVACAO ROTINEIRA DA MALHA VIARIA,Transportes
2026,2025,1,2301,4293,10,0,Investimentos Próprios,884098.11,DEPARTAMENTO DE ESTRADAS DE RODAGEM DO ESTADO DE MINAS GERAIS,DER-MG,DER-MG,CONSERVACAO ROTINEIRA DA MALHA VIARIA,Transportes
2026,2025,1,2301,4293,10,0,Investimentos Próprios,428689.53,DEPARTAMENTO DE ESTRADAS DE RODAGEM DO ESTADO DE MINAS GERAIS,DER-MG,DER-MG,CONSERVACAO ROTINEIRA DA MALHA VIARIA,Transportes
2026,2025,1,2301,4293,10,0,Investimentos Próprios,0.0,DEPARTAMENTO DE ESTRADAS DE RODAGEM DO ESTADO DE MINAS GERAIS,DER-MG,DER-MG,CONSERVACAO ROTINEIRA DA MALHA VIARIA,Transportes
2026,2025,1,1251,4365,15,0,Investimentos Próprios,0.0,POLICIA MILITAR DO ESTADO DE MINAS GERAIS,PMMG,PMMG,POLICIAMENTO OSTENSIVO GERAL,Segurança Pública
2026,2025,1,2301,4293,10,0,Investimentos Próprios,67879.44,DEPARTAMENTO DE ESTRADAS DE RODAGEM DO ESTADO DE MINAS GERAIS,DER-MG,DER-MG,CONSERVACAO ROTINEIRA DA MALHA VIARIA,Transportes
2026,2025,1,2301,4293,10,0,Investimentos Próprios,194003.36,DEPARTAMENTO DE ESTRADAS DE RODAGEM DO ESTADO DE MINAS GERAIS,DER-MG,DER-MG,CONSERVACAO ROTINEIRA DA MALHA VIARIA,Transportes
2026,2025,1,2301,4293,10,0,Investimentos Próprios,384664.57,DEPARTAMENTO DE ESTRADAS DE RODAGEM DO ESTADO DE MINAS GERAIS,DER-MG,DER-MG,CONSERVACAO ROTINEIRA DA MALHA VIARIA,Transportes
2026,2025,1,2301,4293,10,0,Investimentos Próprios,309538.29,DEPARTAMENTO DE ESTRADAS DE RODAGEM DO ESTADO DE MINAS GERAIS,DER-MG,DER-MG,CONSERVACAO ROTINEIRA DA MALHA VIARIA,Transportes
2026,2025,1,2301,4293,10,0,Investimentos Próprios,0.0,DEPARTAMENTO DE ESTRADAS DE RODAGEM DO ESTADO DE MINAS GERAIS,DER-MG,DER-MG,CONSERVACAO ROTINEIRA DA MALHA VIARIA,Transportes
2026,2025,1,2301,4293,10,0,Investimentos Próprios,0.0,DEPARTAMENTO DE ESTRADAS DE RODAGEM DO ESTADO DE MINAS GERAIS,DER-MG,DER-MG,CONSERVACAO ROTINEIRA DA MALHA VIARIA,Transportes
2026,2025,1,1251,4365,15,0,Investimentos Próprios,0.0,POLICIA MILITAR DO ESTADO DE MINAS GERAIS,PMMG,PMMG,POLICIAMENTO OSTENSIVO GERAL,Segurança Pública
2026,2025,1,1251,4366,15,0,Investimentos Próprios,0.0,POLICIA MILITAR DO ESTADO DE MINAS GERAIS,PMMG,PMMG,ESTRUTURACAO E MODERNIZACAO,Segurança Pública
2026,2025,1,1251,4366,15,0,Investimentos Próprios,0.0,POLICIA MILITAR DO ESTADO DE MINAS GERAIS,PMMG,PMMG,ESTRUTURACAO E MODERNIZACAO,Segurança Pública
2026,2025,1,1251,4366,15,0,Investimentos Próprios,0.0,POLICIA MILITAR DO ESTADO DE MINAS GERAIS,PMMG,PMMG,ESTRUTURACAO E MODERNIZACAO,Segurança Pública
2026,2025,1,2301,4293,10,0,Investimentos Próprios,2032.49,DEPARTAMENTO DE ESTRADAS DE RODAGEM DO ESTADO DE MINAS GERAIS,DER-MG,DER-MG,CONSERVACAO ROTINEIRA DA MALHA VIARIA,Transportes
2026,2025,1,2301,4293,10,0,Investimentos Próprios,104980.57,DEPARTAMENTO DE ESTRADAS DE RODAGEM DO ESTADO DE MINAS GERAIS,DER-MG,DER-MG,CONSERVACAO ROTINEIRA DA MALHA VIARIA,Transportes
2026,2025,1,2301,4293,10,0,Investimentos Próprios,9562.17,DEPARTAMENTO DE ESTRADAS DE RODAGEM DO ESTADO DE MINAS GERAIS,DER-MG,DER-MG,CONSERVACAO ROTINEIRA DA MALHA VIARIA,Transportes
2026,2025,1,2301,4293,10,0,Investimentos Próprios,808178.36,DEPARTAMENTO DE ESTRADAS DE RODAGEM DO ESTADO DE MINAS GERAIS,DER-MG,DER-MG,CONSERVACAO ROTINEIRA DA MALHA VIARIA,Transportes
2026,2025,1,2301,4293,10,0,Investimentos Próprios,691777.19,DEPARTAMENTO DE ESTRADAS DE RODAGEM DO ESTADO DE MINAS GERAIS,DER-MG,DER-MG,CONSERVACAO ROTINEIRA DA MALHA VIARIA,Transportes
2026,2025,1,2301,4293,10,0,Investimentos Próprios,511575.35,DEPARTAMENTO DE ESTRADAS DE RODAGEM DO ESTADO DE MINAS GERAIS,DER-MG,DER-MG,CONSERVACAO ROTINEIRA DA MALHA VIARIA,Transportes
2026,2025,1,1251,4365,15,0,Investimentos Próprios,33648300.0,POLICIA MILITAR DO ESTADO DE MINAS GERAIS,PMMG,PMMG,POLICIAMENTO OSTENSIVO GERAL,Segurança Pública
2026,2025,1,1251,4365,15,0,Investimentos Próprios,0.0,POLICIA MILITAR DO ESTADO DE MINAS GERAIS,PMMG,PMMG,POLICIAMENTO OSTENSIVO GERAL,Segurança Pública
2026,2025,1,1251,4365,15,0,Investimentos Próprios,0.0,POLICIA MILITAR DO ESTADO DE MINAS GERAIS,PMMG,PMMG,POLICIAMENTO OSTENSIVO GERAL,Segurança Pública
2026,2025,1,1251,4365,15,0,Investimentos Próprios,0.0,POLICIA MILITAR DO ESTADO DE MINAS GERAIS,PMMG,PMMG,POLICIAMENTO OSTENSIVO GERAL,Segurança Pública
2026,2025,1,1251,4366,15,0,Investimentos Próprios,0.0,POLICIA MILITAR DO ESTADO DE MINAS GERAIS,PMMG,PMMG,ESTRUTURACAO E MODERNIZACAO,Segurança Pública
2026,2025,1,1261,4519,10,0,Investimentos Próprios,0.0,SECRETARIA DE ESTADO DE EDUCACAO,SEE,SEE,MAOS A OBRA,EPT
2026,2025,1,1261,4519,10,0,Investimentos Próprios,0.0,SECRETARIA DE ESTADO DE EDUCACAO,SEE,SEE,MAOS A OBRA,EPT
2026,2025,1,1261,4519,10,0,Investimentos Próprios,0.0,SECRETARIA DE ESTADO DE EDUCACAO,SEE,SEE,MAOS A OBRA,EPT
2026,2025,1,1261,4519,10,0,Investimentos Próprios,0.0,SECRETARIA DE ESTADO DE EDUCACAO,SEE,SEE,MAOS A OBRA,EPT
2026,2025,1,1261,4519,10,0,Investimentos Próprios,0.0,SECRETARIA DE ESTADO DE EDUCACAO,SEE,SEE,MAOS A OBRA,EPT
2026,2025,1,1261,4519,10,0,Investimentos Próprios,0.0,SECRETARIA DE ESTADO DE EDUCACAO,SEE,SEE,MAOS A OBRA,EPT
2026,2025,1,1261,4519,10,0,Investimentos Próprios,0.0,SECRETARIA DE ESTADO DE EDUCACAO,SEE,SEE,MAOS A OBRA,EPT
2026,2025,1,1261,4519,10,0,Investimentos Próprios,0.0,SECRETARIA DE ESTADO DE EDUCACAO,SEE,SEE,MAOS A OBRA,EPT
2026,2025,1,1261,4519,10,0,Investimentos Próprios,0.0,SECRETARIA DE ESTADO DE EDUCACAO,SEE,SEE,MAOS A OBRA,EPT
2026,2025,1,1261,4519,10,0,Investimentos Próprios,0.0,SECRETARIA DE ESTADO DE EDUCACAO,SEE,SEE,MAOS A OBRA,EPT
2026,2025,1,1261,4519,10,0,Investimentos Próprios,0.0,SECRETARIA DE ESTADO DE EDUCACAO,SEE,SEE,MAOS A OBRA,EPT
2026,2025,1,1261,4519,10,0,Investimentos Próprios,0.0,SECRETARIA DE ESTADO DE EDUCACAO,SEE,SEE,MAOS A OBRA,EPT
2026,2025,1,1261,4519,10,0,Investimentos Próprios,0.0,SECRETARIA DE ESTADO DE EDUCACAO,SEE,SEE,MAOS A OBRA,EPT
2026,2025,1,1261,4519,10,0,Investimentos Próprios,0.0,SECRETARIA DE ESTADO DE EDUCACAO,SEE,SEE,MAOS A OBRA,EPT
2026,2025,1,1261,4519,10,0,Investimentos Próprios,0.0,SECRETARIA DE ESTADO DE EDUCACAO,SEE,SEE,MAOS A OBRA,EPT
2026,2025,1,1261,4519,10,0,Investimentos Próprios,0.0,SECRETARIA DE ESTADO DE EDUCACAO,SEE,SEE,MAOS A OBRA,EPT
2026,2025,1,1261,4519,10,0,Investimentos Próprios,0.0,SECRETARIA DE ESTADO DE EDUCACAO,SEE,SEE,MAOS A OBRA,EPT
2026,2025,1,1261,4519,10,0,Investimentos Próprios,0.0,SECRETARIA DE ESTADO DE EDUCACAO,SEE,SEE,MAOS A OBRA,EPT
2026,2025,1,1261,4519,10,0,Investimentos Próprios,0.0,SECRETARIA DE ESTADO DE EDUCACAO,SEE,SEE,MAOS A OBRA,EPT
2026,2025,1,1261,4519,10,0,Investimentos Próprios,0.0,SECRETARIA DE ESTADO DE EDUCACAO,SEE,SEE,MAOS A OBRA,EPT
2026,2025,1,1261,4519,10,0,Investimentos Próprios,0.0,SECRETARIA DE ESTADO DE EDUCACAO,SEE,SEE,MAOS A OBRA,EPT
2026,2025,1,1261,4519,10,0,Investimentos Próprios,0.0,SECRETARIA DE ESTADO DE EDUCACAO,SEE,SEE,MAOS A OBRA,EPT
2026,2025,1,1261,2126,10,0,Investimentos Próprios,0.0,SECRETARIA DE ESTADO DE EDUCACAO,SEE,SEE,RENOVACAO DE MOBILIARIO E/OU EQUIPAMENTO,EPT
2026,2025,1,1261,4511,10,0,Investimentos Próprios,0.0,SECRETARIA DE ESTADO DE EDUCACAO,SEE,SEE,DESENVOLVIMENTO DO ENSINO MEDIO,EPT
2026,2025,1,1261,4519,10,0,Investimentos Próprios,0.0,SECRETARIA DE ESTADO DE EDUCACAO,SEE,SEE,MAOS A OBRA,EPT
2026,2025,1,1261,4519,10,0,Investimentos Próprios,0.0,SECRETARIA DE ESTADO DE EDUCACAO,SEE,SEE,MAOS A OBRA,EPT
2026,2025,1,1261,4519,10,0,Investimentos Próprios,0.0,SECRETARIA DE ESTADO DE EDUCACAO,SEE,SEE,MAOS A OBRA,EPT
2026,2025,1,1261,4519,10,0,Investimentos Próprios,0.0,SECRETARIA DE ESTADO DE EDUCACAO,SEE,SEE,MAOS A OBRA,EPT
2026,2025,1,1261,4519,10,0,Investimentos Próprios,0.0,SECRETARIA DE ESTADO DE EDUCACAO,SEE,SEE,MAOS A OBRA,EPT
2026,2025,1,1261,4519,10,0,Investimentos Próprios,0.0,SECRETARIA DE ESTADO DE EDUCACAO,SEE,SEE,MAOS A OBRA,EPT
2026,2025,1,1261,4519,10,0,Investimentos Próprios,0.0,SECRETARIA DE ESTADO DE EDUCACAO,SEE,SEE,MAOS A OBRA,EPT
2026,2025,1,1261,4519,10,0,Investimentos Próprios,0.0,SECRETARIA DE ESTADO DE EDUCACAO,SEE,SEE,MAOS A OBRA,EPT
2026,2025,1,1261,4519,10,0,Investimentos Próprios,0.0,SECRETARIA DE ESTADO DE EDUCACAO,SEE,SEE,MAOS A OBRA,EPT
2026,2025,1,1261,4519,10,0,Investimentos Próprios,0.0,SECRETARIA DE ESTADO DE EDUCACAO,SEE,SEE,MAOS A OBRA,EPT
2026,2025,1,1261,4519,10,0,Investimentos Próprios,0.0,SECRETARIA DE ESTADO DE EDUCACAO,SEE,SEE,MAOS A OBRA,EPT
2026,2025,1,1261,4519,10,0,Investimentos Próprios,0.0,SECRETARIA DE ESTADO DE EDUCACAO,SEE,SEE,MAOS A OBRA,EPT
2026,2025,1,1261,4519,10,0,Investimentos Próprios,0.0,SECRETARIA DE ESTADO DE EDUCACAO,SEE,SEE,MAOS A OBRA,EPT
2026,2025,1,1261,4519,10,0,Investimentos Próprios,0.0,SECRETARIA DE ESTADO DE EDUCACAO,SEE,SEE,MAOS A OBRA,EPT
2026,2025,1,1261,4519,10,0,Investimentos Próprios,0.0,SECRETARIA DE ESTADO DE EDUCACAO,SEE,SEE,MAOS A OBRA,EPT
2026,2025,1,1261,4519,10,0,Investimentos Próprios,0.0,SECRETARIA DE ESTADO DE EDUCACAO,SEE,SEE,MAOS A OBRA,EPT
2026,2025,1,1261,4519,10,0,Investimentos Próprios,0.0,SECRETARIA DE ESTADO DE EDUCACAO,SEE,SEE,MAOS A OBRA,EPT
2026,2025,1,1261,4519,10,0,Investimentos Próprios,0.0,SECRETARIA DE ESTADO DE EDUCACAO,SEE,SEE,MAOS A OBRA,EPT
2026,2025,1,1261,4519,10,0,Investimentos Próprios,0.0,SECRETARIA DE ESTADO DE EDUCACAO,SEE,SEE,MAOS A OBRA,EPT
2026,2025,1,1261,4519,10,0,Investimentos Próprios,0.0,SECRETARIA DE ESTADO DE EDUCACAO,SEE,SEE,MAOS A OBRA,EPT
2026,2025,1,1261,4519,10,0,Investimentos Próprios,0.0,SECRETARIA DE ESTADO DE EDUCACAO,SEE,SEE,MAOS A OBRA,EPT
2026,2025,1,1261,4519,10,0,Investimentos Próprios,0.0,SECRETARIA DE ESTADO DE EDUCACAO,SEE,SEE,MAOS A OBRA,EPT
2026,2025,1,1261,4519,10,0,Investimentos Próprios,0.0,SECRETARIA DE ESTADO DE EDUCACAO,SEE,SEE,MAOS A OBRA,EPT
2026,2025,1,1261,4519,10,0,Investimentos Próprios,0.0,SECRETARIA DE ESTADO DE EDUCACAO,SEE,SEE,MAOS A OBRA,EPT
2026,2025,1,1261,4519,10,0,Investimentos Próprios,0.0,SECRETARIA DE ESTADO DE EDUCACAO,SEE,SEE,MAOS A OBRA,EPT
2026,2025,1,1261,4519,10,0,Investimentos Próprios,0.0,SECRETARIA DE ESTADO DE EDUCACAO,SEE,SEE,MAOS A OBRA,EPT
2026,2025,1,1261,4519,10,0,Investimentos Próprios,0.0,SECRETARIA DE ESTADO DE EDUCACAO,SEE,SEE,MAOS A OBRA,EPT
2026,2025,1,1261,4519,10,0,Investimentos Próprios,0.0,SECRETARIA DE ESTADO DE EDUCACAO,SEE,SEE,MAOS A OBRA,EPT
2026,2025,1,1261,4519,10,0,Investimentos Próprios,0.0,SECRETARIA DE ESTADO DE EDUCACAO,SEE,SEE,MAOS A OBRA,EPT
2026,2025,1,1261,4519,10,0,Investimentos Próprios,0.0,SECRETARIA DE ESTADO DE EDUCACAO,SEE,SEE,MAOS A OBRA,EPT
2026,2025,1,1261,4519,10,0,Investimentos Próprios,0.0,SECRETARIA DE ESTADO DE EDUCACAO,SEE,SEE,MAOS A OBRA,EPT
2026,2025,1,1261,4519,10,0,Investimentos Próprios,0.0,SECRETARIA DE ESTADO DE EDUCACAO,SEE,SEE,MAOS A OBRA,EPT
2026,2025,1,1261,4519,10,0,Investimentos Próprios,0.0,SECRETARIA DE ESTADO DE EDUCACAO,SEE,SEE,MAOS A OBRA,EPT
2026,2025,1,1261,4519,10,0,Investimentos Próprios,0.0,SECRETARIA DE ESTADO DE EDUCACAO,SEE,SEE,MAOS A OBRA,EPT
2026,2025,1,1261,4519,10,0,Investimentos Próprios,0.0,SECRETARIA DE ESTADO DE EDUCACAO,SEE,SEE,MAOS A OBRA,EPT
2026,2025,1,1261,4519,10,0,Investimentos Próprios,0.0,SECRETARIA DE ESTADO DE EDUCACAO,SEE,SEE,MAOS A OBRA,EPT
2026,2025,1,1261,4519,10,0,Investimentos Próprios,0.0,SECRETARIA DE ESTADO DE EDUCACAO,SEE,SEE,MAOS A OBRA,EPT
2026,2025,1,1261,4519,10,0,Investimentos Próprios,0.0,SECRETARIA DE ESTADO DE EDUCACAO,SEE,SEE,MAOS A OBRA,EPT
2026,2025,1,1261,4519,10,0,Investimentos Próprios,0.0,SECRETARIA DE ESTADO DE EDUCACAO,SEE,SEE,MAOS A OBRA,EPT
2026,2025,1,1261,4519,10,0,Investimentos Próprios,0.0,SECRETARIA DE ESTADO DE EDUCACAO,SEE,SEE,MAOS A OBRA,EPT
2026,2025,1,1261,4519,10,0,Investimentos Próprios,0.0,SECRETARIA DE ESTADO DE EDUCACAO,SEE,SEE,MAOS A OBRA,EPT
2026,2025,1,1261,4519,10,0,Investimentos Próprios,0.0,SECRETARIA DE ESTADO DE EDUCACAO,SEE,SEE,MAOS A OBRA,EPT
2026,2025,1,1261,4519,10,0,Investimentos Próprios,0.0,SECRETARIA DE ESTADO DE EDUCACAO,SEE,SEE,MAOS A OBRA,EPT
2026,2025,1,1261,4519,10,0,Investimentos Próprios,0.0,SECRETARIA DE ESTADO DE EDUCACAO,SEE,SEE,MAOS A OBRA,EPT
2026,2025,1,1261,4519,10,0,Investimentos Próprios,0.0,SECRETARIA DE ESTADO DE EDUCACAO,SEE,SEE,MAOS A OBRA,EPT
2026,2025,1,1261,4519,10,0,Investimentos Próprios,0.0,SECRETARIA DE ESTADO DE EDUCACAO,SEE,SEE,MAOS A OBRA,EPT
2026,2025,1,1261,4519,10,0,Investimentos Próprios,0.0,SECRETARIA DE ESTADO DE EDUCACAO,SEE,SEE,MAOS A OBRA,EPT
2026,2025,1,1261,4519,10,0,Investimentos Próprios,0.0,SECRETARIA DE ESTADO DE EDUCACAO,SEE,SEE,MAOS A OBRA,EPT
2026,2025,1,1261,4519,10,0,Investimentos Próprios,0.0,SECRETARIA DE ESTADO DE EDUCACAO,SEE,SEE,MAOS A OBRA,EPT
2026,2025,1,1261,4519,10,0,Investimentos Próprios,0.0,SECRETARIA DE ESTADO DE EDUCACAO,SEE,SEE,MAOS A OBRA,EPT
2026,2025,1,1261,4519,10,0,Investimentos Próprios,0.0,SECRETARIA DE ESTADO DE EDUCACAO,SEE,SEE,MAOS A OBRA,EPT
2026,2025,1,1261,4519,10,0,Investimentos Próprios,0.0,SECRETARIA DE ESTADO DE EDUCACAO,SEE,SEE,MAOS A OBRA,EPT
2026,2025,1,1261,4519,10,0,Investimentos Próprios,0.0,SECRETARIA DE ESTADO DE EDUCACAO,SEE,SEE,MAOS A OBRA,EPT
2026,2025,1,1261,4519,10,0,Investimentos Próprios,0.0,SECRETARIA DE ESTADO DE EDUCACAO,SEE,SEE,MAOS A OBRA,EPT
2026,2025,1,1261,4519,10,0,Investimentos Próprios,0.0,SECRETARIA DE ESTADO DE EDUCACAO,SEE,SEE,MAOS A OBRA,EPT
2026,2025,1,1261,4519,10,0,Investimentos Próprios,0.0,SECRETARIA DE ESTADO DE EDUCACAO,SEE,SEE,MAOS A OBRA,EPT
2026,2025,1,1261,4519,10,0,Investimentos Próprios,0.0,SECRETARIA DE ESTADO DE EDUCACAO,SEE,SEE,MAOS A OBRA,EPT
2026,2025,1,1261,4519,10,0,Investimentos Próprios,0.0,SECRETARIA DE ESTADO DE EDUCACAO,SEE,SEE,MAOS A OBRA,EPT
2026,2025,1,1261,4519,10,0,Investimentos Próprios,0.0,SECRETARIA DE ESTADO DE EDUCACAO,SEE,SEE,MAOS A OBRA,EPT
2026,2025,1,1261,4519,10,0,Investimentos Próprios,0.0,SECRETARIA DE ESTADO DE EDUCACAO,SEE,SEE,MAOS A OBRA,EPT
2026,2025,1,1261,4519,10,0,Investimentos Próprios,0.0,SECRETARIA DE ESTADO DE EDUCACAO,SEE,SEE,MAOS A OBRA,EPT
2026,2025,1,1261,4519,10,0,Investimentos Próprios,0.0,SECRETARIA DE ESTADO DE EDUCACAO,SEE,SEE,MAOS A OBRA,EPT
2026,2025,1,1261,4519,10,0,Investimentos Próprios,0.0,SECRETARIA DE ESTADO DE EDUCACAO,SEE,SEE,MAOS A OBRA,EPT
2026,2025,1,1261,4519,10,0,Investimentos Próprios,0.0,SECRETARIA DE ESTADO DE EDUCACAO,SEE,SEE,MAOS A OBRA,EPT
2026,2025,1,1261,4519,10,0,Investimentos Próprios,0.0,SECRETARIA DE ESTADO DE EDUCACAO,SEE,SEE,MAOS A OBRA,EPT
2026,2025,1,1261,4519,10,0,Investimentos Próprios,0.0,SECRETARIA DE ESTADO DE EDUCACAO,SEE,SEE,MAOS A OBRA,EPT
2026,2025,1,1261,4519,10,0,Investimentos Próprios,0.0,SECRETARIA DE ESTADO DE EDUCACAO,SEE,SEE,MAOS A OBRA,EPT
2026,2025,1,1261,4519,10,0,Investimentos Próprios,0.0,SECRETARIA DE ESTADO DE EDUCACAO,SEE,SEE,MAOS A OBRA,EPT
2026,2025,1,1261,4519,10,0,Investimentos Próprios,0.0,SECRETARIA DE ESTADO DE EDUCACAO,SEE,SEE,MAOS A OBRA,EPT
2026,2025,1,1261,4519,10,0,Investimentos Próprios,0.0,SECRETARIA DE ESTADO DE EDUCACAO,SEE,SEE,MAOS A OBRA,EPT
2026,2025,1,1261,4519,10,0,Investimentos Próprios,0.0,SECRETARIA DE ESTADO DE EDUCACAO,SEE,SEE,MAOS A OBRA,EPT
2026,2025,1,1261,4519,10,0,Investimentos Próprios,0.0,SECRETARIA DE ESTADO DE EDUCACAO,SEE,SEE,MAOS A OBRA,EPT
2026,2025,1,1261,4519,10,0,Investimentos Próprios,0.0,SECRETARIA DE ESTADO DE EDUCACAO,SEE,SEE,MAOS A OBRA,EPT
2026,2025,1,1261,4519,10,0,Investimentos Próprios,0.0,SECRETARIA DE ESTADO DE EDUCACAO,SEE,SEE,MAOS A OBRA,EPT
2026,2025,1,1261,4519,10,0,Investimentos Próprios,0.0,SECRETARIA DE ESTADO DE EDUCACAO,SEE,SEE,MAOS A OBRA,EPT
2026,2025,1,1261,4519,10,0,Investimentos Próprios,0.0,SECRETARIA DE ESTADO DE EDUCACAO,SEE,SEE,MAOS A OBRA,EPT
2026,2025,1,1261,4519,10,0,Investimentos Próprios,0.0,SECRETARIA DE ESTADO DE EDUCACAO,SEE,SEE,MAOS A OBRA,EPT
2026,2025,1,1261,4519,10,0,Investimentos Próprios,0.0,SECRETARIA DE ESTADO DE EDUCACAO,SEE,SEE,MAOS A OBRA,EPT
2026,2025,1,1261,2126,10,0,Investimentos Próprios,0.0,SECRETARIA DE ESTADO DE EDUCACAO,SEE,SEE,RENOVACAO DE MOBILIARIO E/OU EQUIPAMENTO,EPT
2026,2025,1,1261,4519,10,0,Investimentos Próprios,0.0,SECRETARIA DE ESTADO DE EDUCACAO,SEE,SEE,MAOS A OBRA,EPT
2026,2025,1,1261,4519,10,0,Investimentos Próprios,0.0,SECRETARIA DE ESTADO DE EDUCACAO,SEE,SEE,MAOS A OBRA,EPT
2026,2025,1,1261,4519,10,0,Investimentos Próprios,0.0,SECRETARIA DE ESTADO DE EDUCACAO,SEE,SEE,MAOS A OBRA,EPT
2026,2025,1,1261,4519,10,0,Investimentos Próprios,0.0,SECRETARIA DE ESTADO DE EDUCACAO,SEE,SEE,MAOS A OBRA,EPT
2026,2025,1,1261,4519,10,0,Investimentos Próprios,0.0,SECRETARIA DE ESTADO DE EDUCACAO,SEE,SEE,MAOS A OBRA,EPT
2026,2025,1,1261,4519,10,0,Investimentos Próprios,0.0,SECRETARIA DE ESTADO DE EDUCACAO,SEE,SEE,MAOS A OBRA,EPT
2026,2025,1,1261,4519,10,0,Investimentos Próprios,0.0,SECRETARIA DE ESTADO DE EDUCACAO,SEE,SEE,MAOS A OBRA,EPT
2026,2025,1,1261,4519,10,0,Investimentos Próprios,0.0,SECRETARIA DE ESTADO DE EDUCACAO,SEE,SEE,MAOS A OBRA,EPT
2026,2025,1,1261,4519,10,0,Investimentos Próprios,0.0,SECRETARIA DE ESTADO DE EDUCACAO,SEE,SEE,MAOS A OBRA,EPT
2026,2025,1,1261,4519,10,0,Investimentos Próprios,0.0,SECRETARIA DE ESTADO DE EDUCACAO,SEE,SEE,MAOS A OBRA,EPT
2026,2025,1,1261,4519,10,0,Investimentos Próprios,0.0,SECRETARIA DE ESTADO DE EDUCACAO,SEE,SEE,MAOS A OBRA,EPT
2026,2025,1,1261,4519,10,0,Investimentos Próprios,0.0,SECRETARIA DE ESTADO DE EDUCACAO,SEE,SEE,MAOS A OBRA,EPT
2026,2025,1,1261,4519,10,0,Investimentos Próprios,0.0,SECRETARIA DE ESTADO DE EDUCACAO,SEE,SEE,MAOS A OBRA,EPT
2026,2025,1,1261,4519,10,0,Investimentos Próprios,0.0,SECRETARIA DE ESTADO DE EDUCACAO,SEE,SEE,MAOS A OBRA,EPT
2026,2025,1,1261,4519,10,0,Investimentos Próprios,0.0,SECRETARIA DE ESTADO DE EDUCACAO,SEE,SEE,MAOS A OBRA,EPT
2026,2025,1,1261,4519,10,0,Investimentos Próprios,0.0,SECRETARIA DE ESTADO DE EDUCACAO,SEE,SEE,MAOS A OBRA,EPT
2026,2025,1,1261,4519,10,0,Investimentos Próprios,0.0,SECRETARIA DE ESTADO DE EDUCACAO,SEE,SEE,MAOS A OBRA,EPT
2026,2025,1,1261,4519,10,0,Investimentos Próprios,0.0,SECRETARIA DE ESTADO DE EDUCACAO,SEE,SEE,MAOS A OBRA,EPT
2026,2025,1,1261,4519,10,0,Investimentos Próprios,0.0,SECRETARIA DE ESTADO DE EDUCACAO,SEE,SEE,MAOS A OBRA,EPT
2026,2025,1,1261,4519,10,0,Investimentos Próprios,0.0,SECRETARIA DE ESTADO DE EDUCACAO,SEE,SEE,MAOS A OBRA,EPT
2026,2025,1,1261,4519,10,0,Investimentos Próprios,0.0,SECRETARIA DE ESTADO DE EDUCACAO,SEE,SEE,MAOS A OBRA,EPT
2026,2025,1,1261,4519,10,0,Investimentos Próprios,0.0,SECRETARIA DE ESTADO DE EDUCACAO,SEE,SEE,MAOS A OBRA,EPT
2026,2025,1,1261,4519,10,0,Investimentos Próprios,0.0,SECRETARIA DE ESTADO DE EDUCACAO,SEE,SEE,MAOS A OBRA,EPT
2026,2025,1,1261,4519,10,0,Investimentos Próprios,0.0,SECRETARIA DE ESTADO DE EDUCACAO,SEE,SEE,MAOS A OBRA,EPT
2026,2025,1,1261,4519,10,0,Investimentos Próprios,0.0,SECRETARIA DE ESTADO DE EDUCACAO,SEE,SEE,MAOS A OBRA,EPT
2026,2025,1,1261,4519,10,0,Investimentos Próprios,0.0,SECRETARIA DE ESTADO DE EDUCACAO,SEE,SEE,MAOS A OBRA,EPT
2026,2025,1,1261,4519,10,0,Investimentos Próprios,0.0,SECRETARIA DE ESTADO DE EDUCACAO,SEE,SEE,MAOS A OBRA,EPT
2026,2025,1,1261,4519,10,0,Investimentos Próprios,0.0,SECRETARIA DE ESTADO DE EDUCACAO,SEE,SEE,MAOS A OBRA,EPT
2026,2025,1,1261,4519,10,0,Investimentos Próprios,0.0,SECRETARIA DE ESTADO DE EDUCACAO,SEE,SEE,MAOS A OBRA,EPT
2026,2025,1,1261,4519,10,0,Investimentos Próprios,0.0,SECRETARIA DE ESTADO DE EDUCACAO,SEE,SEE,MAOS A OBRA,EPT
2026,2025,1,1261,4519,10,0,Investimentos Próprios,0.0,SECRETARIA DE ESTADO DE EDUCACAO,SEE,SEE,MAOS A OBRA,EPT
2026,2025,1,1261,4519,10,0,Investimentos Próprios,0.0,SECRETARIA DE ESTADO DE EDUCACAO,SEE,SEE,MAOS A OBRA,EPT
2026,2025,1,1261,4519,10,0,Investimentos Próprios,0.0,SECRETARIA DE ESTADO DE EDUCACAO,SEE,SEE,MAOS A OBRA,EPT
2026,2025,1,1261,4519,10,0,Investimentos Próprios,0.0,SECRETARIA DE ESTADO DE EDUCACAO,SEE,SEE,MAOS A OBRA,EPT
2026,2025,1,1261,4519,10,0,Investimentos Próprios,0.0,SECRETARIA DE ESTADO DE EDUCACAO,SEE,SEE,MAOS A OBRA,EPT
2026,2025,1,1261,4519,10,0,Investimentos Próprios,0.0,SECRETARIA DE ESTADO DE EDUCACAO,SEE,SEE,MAOS A OBRA,EPT
2026,2025,1,1261,4519,10,0,Investimentos Próprios,0.0,SECRETARIA DE ESTADO DE EDUCACAO,SEE,SEE,MAOS A OBRA,EPT
2026,2025,1,1261,4519,10,0,Investimentos Próprios,0.0,SECRETARIA DE ESTADO DE EDUCACAO,SEE,SEE,MAOS A OBRA,EPT
2026,2025,1,1261,4519,10,0,Investimentos Próprios,0.0,SECRETARIA DE ESTADO DE EDUCACAO,SEE,SEE,MAOS A OBRA,EPT
2026,2025,1,1261,4519,10,0,Investimentos Próprios,0.0,SECRETARIA DE ESTADO DE EDUCACAO,SEE,SEE,MAOS A OBRA,EPT
2026,2025,1,1261,4519,10,0,Investimentos Próprios,0.0,SECRETARIA DE ESTADO DE EDUCACAO,SEE,SEE,MAOS A OBRA,EPT
2026,2025,1,1261,4519,10,0,Investimentos Próprios,0.0,SECRETARIA DE ESTADO DE EDUCACAO,SEE,SEE,MAOS A OBRA,EPT
2026,2025,1,1261,4519,10,0,Investimentos Próprios,0.0,SECRETARIA DE ESTADO DE EDUCACAO,SEE,SEE,MAOS A OBRA,EPT
2026,2025,1,1261,4519,10,0,Investimentos Próprios,0.0,SECRETARIA DE ESTADO DE EDUCACAO,SEE,SEE,MAOS A OBRA,EPT
2026,2025,1,1261,4519,10,0,Investimentos Próprios,0.0,SECRETARIA DE ESTADO DE EDUCACAO,SEE,SEE,MAOS A OBRA,EPT
2026,2025,1,1261,4519,10,0,Investimentos Próprios,0.0,SECRETARIA DE ESTADO DE EDUCACAO,SEE,SEE,MAOS A OBRA,EPT
2026,2025,1,1261,4519,10,0,Investimentos Próprios,0.0,SECRETARIA DE ESTADO DE EDUCACAO,SEE,SEE,MAOS A OBRA,EPT
2026,2025,1,1261,4519,10,0,Investimentos Próprios,0.0,SECRETARIA DE ESTADO DE EDUCACAO,SEE,SEE,MAOS A OBRA,EPT
2026,2025,1,1261,4519,10,0,Investimentos Próprios,0.0,SECRETARIA DE ESTADO DE EDUCACAO,SEE,SEE,MAOS A OBRA,EPT
2026,2025,1,1261,4519,10,0,Investimentos Próprios,0.0,SECRETARIA DE ESTADO DE EDUCACAO,SEE,SEE,MAOS A OBRA,EPT
2026,2025,1,1261,4519,10,0,Investimentos Próprios,0.0,SECRETARIA DE ESTADO DE EDUCACAO,SEE,SEE,MAOS A OBRA,EPT
2026,2025,1,1261,4519,10,0,Investimentos Próprios,0.0,SECRETARIA DE ESTADO DE EDUCACAO,SEE,SEE,MAOS A OBRA,EPT
2026,2025,1,1261,4519,10,0,Investimentos Próprios,0.0,SECRETARIA DE ESTADO DE EDUCACAO,SEE,SEE,MAOS A OBRA,EPT
2026,2025,1,1261,4519,10,0,Investimentos Próprios,0.0,SECRETARIA DE ESTADO DE EDUCACAO,SEE,SEE,MAOS A OBRA,EPT
2026,2025,1,1261,4519,10,0,Investimentos Próprios,0.0,SECRETARIA DE ESTADO DE EDUCACAO,SEE,SEE,MAOS A OBRA,EPT
2026,2025,1,1261,4519,10,0,Investimentos Próprios,0.0,SECRETARIA DE ESTADO DE EDUCACAO,SEE,SEE,MAOS A OBRA,EPT
2026,2025,1,1261,4519,10,0,Investimentos Próprios,0.0,SECRETARIA DE ESTADO DE EDUCACAO,SEE,SEE,MAOS A OBRA,EPT
2026,2025,1,1261,4519,10,0,Investimentos Próprios,0.0,SECRETARIA DE ESTADO DE EDUCACAO,SEE,SEE,MAOS A OBRA,EPT
2026,2025,1,1261,4519,10,0,Investimentos Próprios,0.0,SECRETARIA DE ESTADO DE EDUCACAO,SEE,SEE,MAOS A OBRA,EPT
2026,2025,1,1261,4519,10,0,Investimentos Próprios,0.0,SECRETARIA DE ESTADO DE EDUCACAO,SEE,SEE,MAOS A OBRA,EPT
2026,2025,1,1261,4519,10,0,Investimentos Próprios,0.0,SECRETARIA DE ESTADO DE EDUCACAO,SEE,SEE,MAOS A OBRA,EPT
2026,2025,1,1261,4519,10,0,Investimentos Próprios,0.0,SECRETARIA DE ESTADO DE EDUCACAO,SEE,SEE,MAOS A OBRA,EPT
2026,2025,1,1261,4519,10,0,Investimentos Próprios,0.0,SECRETARIA DE ESTADO DE EDUCACAO,SEE,SEE,MAOS A OBRA,EPT
2026,2025,1,1261,4519,10,0,Investimentos Próprios,0.0,SECRETARIA DE ESTADO DE EDUCACAO,SEE,SEE,MAOS A OBRA,EPT
2026,2025,1,1261,4519,10,0,Investimentos Próprios,0.0,SECRETARIA DE ESTADO DE EDUCACAO,SEE,SEE,MAOS A OBRA,EPT
2026,2025,1,1261,4519,10,0,Investimentos Próprios,0.0,SECRETARIA DE ESTADO DE EDUCACAO,SEE,SEE,MAOS A OBRA,EPT
2026,2025,1,1261,4519,10,0,Investimentos Próprios,0.0,SECRETARIA DE ESTADO DE EDUCACAO,SEE,SEE,MAOS A OBRA,EPT
2026,2025,1,1261,4519,10,0,Investimentos Próprios,0.0,SECRETARIA DE ESTADO DE EDUCACAO,SEE,SEE,MAOS A OBRA,EPT
2026,2025,1,1261,4519,10,0,Investimentos Próprios,0.0,SECRETARIA DE ESTADO DE EDUCACAO,SEE,SEE,MAOS A OBRA,EPT
2026,2025,1,1261,4519,10,0,Investimentos Próprios,0.0,SECRETARIA DE ESTADO DE EDUCACAO,SEE,SEE,MAOS A OBRA,EPT
2026,2025,1,1261,4519,10,0,Investimentos Próprios,0.0,SECRETARIA DE ESTADO DE EDUCACAO,SEE,SEE,MAOS A OBRA,EPT
2026,2025,1,1261,4519,10,0,Investimentos Próprios,0.0,SECRETARIA DE ESTADO DE EDUCACAO,SEE,SEE,MAOS A OBRA,EPT
2026,2025,1,1261,4519,10,0,Investimentos Próprios,0.0,SECRETARIA DE ESTADO DE EDUCACAO,SEE,SEE,MAOS A OBRA,EPT
2026,2025,1,1261,4519,10,0,Investimentos Próprios,0.0,SECRETARIA DE ESTADO DE EDUCACAO,SEE,SEE,MAOS A OBRA,EPT
2026,2025,1,1261,4519,10,0,Investimentos Próprios,0.0,SECRETARIA DE ESTADO DE EDUCACAO,SEE,SEE,MAOS A OBRA,EPT
2026,2025,1,1261,4519,10,0,Investimentos Próprios,0.0,SECRETARIA DE ESTADO DE EDUCACAO,SEE,SEE,MAOS A OBRA,EPT
2026,2025,1,1261,4519,10,0,Investimentos Próprios,0.0,SECRETARIA DE ESTADO DE EDUCACAO,SEE,SEE,MAOS A OBRA,EPT
2026,2025,1,1261,4519,10,0,Investimentos Próprios,0.0,SECRETARIA DE ESTADO DE EDUCACAO,SEE,SEE,MAOS A OBRA,EPT
2026,2025,1,1261,4519,10,0,Investimentos Próprios,0.0,SECRETARIA DE ESTADO DE EDUCACAO,SEE,SEE,MAOS A OBRA,EPT
2026,2025,1,1261,4519,10,0,Investimentos Próprios,0.0,SECRETARIA DE ESTADO DE EDUCACAO,SEE,SEE,MAOS A OBRA,EPT
2026,2025,1,1261,4519,10,0,Investimentos Próprios,0.0,SECRETARIA DE ESTADO DE EDUCACAO,SEE,SEE,MAOS A OBRA,EPT
2026,2025,1,1261,4519,10,0,Investimentos Próprios,0.0,SECRETARIA DE ESTADO DE EDUCACAO,SEE,SEE,MAOS A OBRA,EPT
2026,2025,1,1261,4519,10,0,Investimentos Próprios,0.0,SECRETARIA DE ESTADO DE EDUCACAO,SEE,SEE,MAOS A OBRA,EPT
2026,2025,1,1261,4519,10,0,Investimentos Próprios,0.0,SECRETARIA DE ESTADO DE EDUCACAO,SEE,SEE,MAOS A OBRA,EPT
2026,2025,1,1261,4519,10,0,Investimentos Próprios,0.0,SECRETARIA DE ESTADO DE EDUCACAO,SEE,SEE,MAOS A OBRA,EPT
2026,2025,1,1261,4519,10,0,Investimentos Próprios,0.0,SECRETARIA DE ESTADO DE EDUCACAO,SEE,SEE,MAOS A OBRA,EPT
2026,2025,1,1261,4519,10,0,Investimentos Próprios,0.0,SECRETARIA DE ESTADO DE EDUCACAO,SEE,SEE,MAOS A OBRA,EPT
2026,2025,1,1261,2126,10,0,Investimentos Próprios,0.0,SECRETARIA DE ESTADO DE EDUCACAO,SEE,SEE,RENOVACAO DE MOBILIARIO E/OU EQUIPAMENTO,EPT
2026,2025,1,1261,4519,10,0,Investimentos Próprios,0.0,SECRETARIA DE ESTADO DE EDUCACAO,SEE,SEE,MAOS A OBRA,EPT
2026,2025,1,1261,4519,10,0,Investimentos Próprios,0.0,SECRETARIA DE ESTADO DE EDUCACAO,SEE,SEE,MAOS A OBRA,EPT
2026,2025,1,1261,4519,10,0,Investimentos Próprios,0.0,SECRETARIA DE ESTADO DE EDUCACAO,SEE,SEE,MAOS A OBRA,EPT
2026,2025,1,1261,4519,10,0,Investimentos Próprios,0.0,SECRETARIA DE ESTADO DE EDUCACAO,SEE,SEE,MAOS A OBRA,EPT
2026,2025,1,1261,4519,10,0,Investimentos Próprios,0.0,SECRETARIA DE ESTADO DE EDUCACAO,SEE,SEE,MAOS A OBRA,EPT
2026,2025,1,1261,4519,10,0,Investimentos Próprios,0.0,SECRETARIA DE ESTADO DE EDUCACAO,SEE,SEE,MAOS A OBRA,EPT
2026,2025,1,1261,4519,10,0,Investimentos Próprios,0.0,SECRETARIA DE ESTADO DE EDUCACAO,SEE,SEE,MAOS A OBRA,EPT
2026,2025,1,1261,4519,10,0,Investimentos Próprios,0.0,SECRETARIA DE ESTADO DE EDUCACAO,SEE,SEE,MAOS A OBRA,EPT
2026,2025,1,1261,4519,10,0,Investimentos Próprios,0.0,SECRETARIA DE ESTADO DE EDUCACAO,SEE,SEE,MAOS A OBRA,EPT
2026,2025,1,1261,4519,10,0,Investimentos Próprios,0.0,SECRETARIA DE ESTADO DE EDUCACAO,SEE,SEE,MAOS A OBRA,EPT
2026,2025,1,1261,4519,10,0,Investimentos Próprios,0.0,SECRETARIA DE ESTADO DE EDUCACAO,SEE,SEE,MAOS A OBRA,EPT
2026,2025,1,1261,4519,10,0,Investimentos Próprios,0.0,SECRETARIA DE ESTADO DE EDUCACAO,SEE,SEE,MAOS A OBRA,EPT
2026,2025,1,1261,4519,10,0,Investimentos Próprios,0.0,SECRETARIA DE ESTADO DE EDUCACAO,SEE,SEE,MAOS A OBRA,EPT
2026,2025,1,1261,4519,10,0,Investimentos Próprios,0.0,SECRETARIA DE ESTADO DE EDUCACAO,SEE,SEE,MAOS A OBRA,EPT
2026,2025,1,1261,4519,10,0,Investimentos Próprios,0.0,SECRETARIA DE ESTADO DE EDUCACAO,SEE,SEE,MAOS A OBRA,EPT
2026,2025,1,1261,4519,10,0,Investimentos Próprios,0.0,SECRETARIA DE ESTADO DE EDUCACAO,SEE,SEE,MAOS A OBRA,EPT
2026,2025,1,1261,4519,10,0,Investimentos Próprios,0.0,SECRETARIA DE ESTADO DE EDUCACAO,SEE,SEE,MAOS A OBRA,EPT
2026,2025,1,1261,4519,10,0,Investimentos Próprios,0.0,SECRETARIA DE ESTADO DE EDUCACAO,SEE,SEE,MAOS A OBRA,EPT
2026,2025,1,1261,4519,10,0,Investimentos Próprios,0.0,SECRETARIA DE ESTADO DE EDUCACAO,SEE,SEE,MAOS A OBRA,EPT
2026,2025,1,1261,4519,10,0,Investimentos Próprios,0.0,SECRETARIA DE ESTADO DE EDUCACAO,SEE,SEE,MAOS A OBRA,EPT
2026,2025,1,1261,4519,10,0,Investimentos Próprios,0.0,SECRETARIA DE ESTADO DE EDUCACAO,SEE,SEE,MAOS A OBRA,EPT
2026,2025,1,1261,4519,10,0,Investimentos Próprios,0.0,SECRETARIA DE ESTADO DE EDUCACAO,SEE,SEE,MAOS A OBRA,EPT
2026,2025,1,1261,4519,10,0,Investimentos Próprios,0.0,SECRETARIA DE ESTADO DE EDUCACAO,SEE,SEE,MAOS A OBRA,EPT
2026,2025,1,1261,4519,10,0,Investimentos Próprios,0.0,SECRETARIA DE ESTADO DE EDUCACAO,SEE,SEE,MAOS A OBRA,EPT
2026,2025,1,1261,4519,10,0,Investimentos Próprios,0.0,SECRETARIA DE ESTADO DE EDUCACAO,SEE,SEE,MAOS A OBRA,EPT
2026,2025,1,1261,4519,10,0,Investimentos Próprios,0.0,SECRETARIA DE ESTADO DE EDUCACAO,SEE,SEE,MAOS A OBRA,EPT
2026,2025,1,1261,4519,10,0,Investimentos Próprios,0.0,SECRETARIA DE ESTADO DE EDUCACAO,SEE,SEE,MAOS A OBRA,EPT
2026,2025,1,1261,4519,10,0,Investimentos Próprios,0.0,SECRETARIA DE ESTADO DE EDUCACAO,SEE,SEE,MAOS A OBRA,EPT
2026,2025,1,1261,4519,10,0,Investimentos Próprios,0.0,SECRETARIA DE ESTADO DE EDUCACAO,SEE,SEE,MAOS A OBRA,EPT
2026,2025,1,1261,4519,10,0,Investimentos Próprios,0.0,SECRETARIA DE ESTADO DE EDUCACAO,SEE,SEE,MAOS A OBRA,EPT
2026,2025,1,1261,4519,10,0,Investimentos Próprios,0.0,SECRETARIA DE ESTADO DE EDUCACAO,SEE,SEE,MAOS A OBRA,EPT
2026,2025,1,1261,4519,10,0,Investimentos Próprios,0.0,SECRETARIA DE ESTADO DE EDUCACAO,SEE,SEE,MAOS A OBRA,EPT
2026,2025,1,1261,4519,10,0,Investimentos Próprios,0.0,SECRETARIA DE ESTADO DE EDUCACAO,SEE,SEE,MAOS A OBRA,EPT
2026,2025,1,1261,4519,10,0,Investimentos Próprios,0.0,SECRETARIA DE ESTADO DE EDUCACAO,SEE,SEE,MAOS A OBRA,EPT
2026,2025,1,1261,4519,10,0,Investimentos Próprios,0.0,SECRETARIA DE ESTADO DE EDUCACAO,SEE,SEE,MAOS A OBRA,EPT
2026,2025,2,2301,4293,10,0,Investimentos Próprios,0.0,DEPARTAMENTO DE ESTRADAS DE RODAGEM DO ESTADO DE MINAS GERAIS,DER-MG,DER-MG,CONSERVACAO ROTINEIRA DA MALHA VIARIA,Transportes
2026,2025,2,2301,4293,10,0,Investimentos Próprios,8549.73,DEPARTAMENTO DE ESTRADAS DE RODAGEM DO ESTADO DE MINAS GERAIS,DER-MG,DER-MG,CONSERVACAO ROTINEIRA DA MALHA VIARIA,Transportes
2026,2025,2,2301,4293,10,0,Investimentos Próprios,0.0,DEPARTAMENTO DE ESTRADAS DE RODAGEM DO ESTADO DE MINAS GERAIS,DER-MG,DER-MG,CONSERVACAO ROTINEIRA DA MALHA VIARIA,Transportes
2026,2025,2,2301,4293,10,0,Investimentos Próprios,0.0,DEPARTAMENTO DE ESTRADAS DE RODAGEM DO ESTADO DE MINAS GERAIS,DER-MG,DER-MG,CONSERVACAO ROTINEIRA DA MALHA VIARIA,Transportes
2026,2025,2,2301,4293,10,0,Investimentos Próprios,0.0,DEPARTAMENTO DE ESTRADAS DE RODAGEM DO ESTADO DE MINAS GERAIS,DER-MG,DER-MG,CONSERVACAO ROTINEIRA DA MALHA VIARIA,Transportes
2026,2025,2,2301,4275,10,0,Investimentos Próprios,1650394.4,DEPARTAMENTO DE ESTRADAS DE RODAGEM DO ESTADO DE MINAS GERAIS,DER-MG,DER-MG,IMPLANTACAO/PAVIMENTACAO DA MALHA,Transportes
2026,2025,2,2301,4293,10,0,Investimentos Próprios,0.0,DEPARTAMENTO DE ESTRADAS DE RODAGEM DO ESTADO DE MINAS GERAIS,DER-MG,DER-MG,CONSERVACAO ROTINEIRA DA MALHA VIARIA,Transportes
2026,2025,2,2301,4293,10,0,Investimentos Próprios,0.0,DEPARTAMENTO DE ESTRADAS DE RODAGEM DO ESTADO DE MINAS GERAIS,DER-MG,DER-MG,CONSERVACAO ROTINEIRA DA MALHA VIARIA,Transportes
2026,2025,2,2301,4293,10,0,Investimentos Próprios,0.0,DEPARTAMENTO DE ESTRADAS DE RODAGEM DO ESTADO DE MINAS GERAIS,DER-MG,DER-MG,CONSERVACAO ROTINEIRA DA MALHA VIARIA,Transportes
2026,2025,2,2301,4293,10,0,Investimentos Próprios,0.0,DEPARTAMENTO DE ESTRADAS DE RODAGEM DO ESTADO DE MINAS GERAIS,DER-MG,DER-MG,CONSERVACAO ROTINEIRA DA MALHA VIARIA,Transportes
2026,2025,2,2301,4293,10,0,Investimentos Próprios,669493.8,DEPARTAMENTO DE ESTRADAS DE RODAGEM DO ESTADO DE MINAS GERAIS,DER-MG,DER-MG,CONSERVACAO ROTINEIRA DA MALHA VIARIA,Transportes
2026,2025,2,2301,4293,10,0,Investimentos Próprios,617131.62,DEPARTAMENTO DE ESTRADAS DE RODAGEM DO ESTADO DE MINAS GERAIS,DER-MG,DER-MG,CONSERVACAO ROTINEIRA DA MALHA VIARIA,Transportes
2026,2025,2,1251,4365,15,0,Investimentos Próprios,231616.0,POLICIA MILITAR DO ESTADO DE MINAS GERAIS,PMMG,PMMG,POLICIAMENTO OSTENSIVO GERAL,Segurança Pública
2026,2025,2,1251,4365,15,0,Investimentos Próprios,100800.0,POLICIA MILITAR DO ESTADO DE MINAS GERAIS,PMMG,PMMG,POLICIAMENTO OSTENSIVO GERAL,Segurança Pública
2026,2025,2,2301,4293,10,0,Investimentos Próprios,0.0,DEPARTAMENTO DE ESTRADAS DE RODAGEM DO ESTADO DE MINAS GERAIS,DER-MG,DER-MG,CONSERVACAO ROTINEIRA DA MALHA VIARIA,Transportes
2026,2025,2,2301,4293,10,0,Investimentos Próprios,961665.11,DEPARTAMENTO DE ESTRADAS DE RODAGEM DO ESTADO DE MINAS GERAIS,DER-MG,DER-MG,CONSERVACAO ROTINEIRA DA MALHA VIARIA,Transportes
2026,2025,2,2301,4293,10,0,Investimentos Próprios,0.0,DEPARTAMENTO DE ESTRADAS DE RODAGEM DO ESTADO DE MINAS GERAIS,DER-MG,DER-MG,CONSERVACAO ROTINEIRA DA MALHA VIARIA,Transportes
2026,2025,2,2301,4293,10,0,Investimentos Próprios,0.0,DEPARTAMENTO DE ESTRADAS DE RODAGEM DO ESTADO DE MINAS GERAIS,DER-MG,DER-MG,CONSERVACAO ROTINEIRA DA MALHA VIARIA,Transportes
2026,2025,2,2301,4293,10,0,Investimentos Próprios,0.0,DEPARTAMENTO DE ESTRADAS DE RODAGEM DO ESTADO DE MINAS GERAIS,DER-MG,DER-MG,CONSERVACAO ROTINEIRA DA MALHA VIARIA,Transportes
2026,2025,2,2301,4293,10,0,Investimentos Próprios,8185.41,DEPARTAMENTO DE ESTRADAS DE RODAGEM DO ESTADO DE MINAS GERAIS,DER-MG,DER-MG,CONSERVACAO ROTINEIRA DA MALHA VIARIA,Transportes
2026,2025,2,2301,4293,10,0,Investimentos Próprios,0.0,DEPARTAMENTO DE ESTRADAS DE RODAGEM DO ESTADO DE MINAS GERAIS,DER-MG,DER-MG,CONSERVACAO ROTINEIRA DA MALHA VIARIA,Transportes
2026,2025,2,2301,4293,10,0,Investimentos Próprios,0.0,DEPARTAMENTO DE ESTRADAS DE RODAGEM DO ESTADO DE MINAS GERAIS,DER-MG,DER-MG,CONSERVACAO ROTINEIRA DA MALHA VIARIA,Transportes
2026,2025,2,2301,4293,10,0,Investimentos Próprios,0.0,DEPARTAMENTO DE ESTRADAS DE RODAGEM DO ESTADO DE MINAS GERAIS,DER-MG,DER-MG,CONSERVACAO ROTINEIRA DA MALHA VIARIA,Transportes
2026,2025,2,2301,4293,10,0,Investimentos Próprios,0.0,DEPARTAMENTO DE ESTRADAS DE RODAGEM DO ESTADO DE MINAS GERAIS,DER-MG,DER-MG,CONSERVACAO ROTINEIRA DA MALHA VIARIA,Transportes
2026,2025,2,2301,4293,10,0,Investimentos Próprios,0.0,DEPARTAMENTO DE ESTRADAS DE RODAGEM DO ESTADO DE MINAS GERAIS,DER-MG,DER-MG,CONSERVACAO ROTINEIRA DA MALHA VIARIA,Transportes
2026,2025,2,2301,4293,10,0,Investimentos Próprios,0.0,DEPARTAMENTO DE ESTRADAS DE RODAGEM DO ESTADO DE MINAS GERAIS,DER-MG,DER-MG,CONSERVACAO ROTINEIRA DA MALHA VIARIA,Transportes
2026,2025,2,2301,4293,10,0,Investimentos Próprios,234998.35,DEPARTAMENTO DE ESTRADAS DE RODAGEM DO ESTADO DE MINAS GERAIS,DER-MG,DER-MG,CONSERVACAO ROTINEIRA DA MALHA VIARIA,Transportes
2026,2025,2,2301,4293,10,0,Investimentos Próprios,0.0,DEPARTAMENTO DE ESTRADAS DE RODAGEM DO ESTADO DE MINAS GERAIS,DER-MG,DER-MG,CONSERVACAO ROTINEIRA DA MALHA VIARIA,Transportes
2026,2025,2,2301,4293,10,0,Investimentos Próprios,0.0,DEPARTAMENTO DE ESTRADAS DE RODAGEM DO ESTADO DE MINAS GERAIS,DER-MG,DER-MG,CONSERVACAO ROTINEIRA DA MALHA VIARIA,Transportes
2026,2025,2,2301,4293,10,0,Investimentos Próprios,0.0,DEPARTAMENTO DE ESTRADAS DE RODAGEM DO ESTADO DE MINAS GERAIS,DER-MG,DER-MG,CONSERVACAO ROTINEIRA DA MALHA VIARIA,Transportes
2026,2025,2,2301,4293,10,0,Investimentos Próprios,0.0,DEPARTAMENTO DE ESTRADAS DE RODAGEM DO ESTADO DE MINAS GERAIS,DER-MG,DER-MG,CONSERVACAO ROTINEIRA DA MALHA VIARIA,Transportes
2026,2025,2,2301,4293,10,0,Investimentos Próprios,0.0,DEPARTAMENTO DE ESTRADAS DE RODAGEM DO ESTADO DE MINAS GERAIS,DER-MG,DER-MG,CONSERVACAO ROTINEIRA DA MALHA VIARIA,Transportes
2026,2025,2,1251,4365,15,0,Investimentos Próprios,876000.0,POLICIA MILITAR DO ESTADO DE MINAS GERAIS,PMMG,PMMG,POLICIAMENTO OSTENSIVO GERAL,Segurança Pública
2026,2025,2,2301,4293,10,0,Investimentos Próprios,0.0,DEPARTAMENTO DE ESTRADAS DE RODAGEM DO ESTADO DE MINAS GERAIS,DER-MG,DER-MG,CONSERVACAO ROTINEIRA DA MALHA VIARIA,Transportes
2026,2025,2,2301,4293,10,0,Investimentos Próprios,0.0,DEPARTAMENTO DE ESTRADAS DE RODAGEM DO ESTADO DE MINAS GERAIS,DER-MG,DER-MG,CONSERVACAO ROTINEIRA DA MALHA VIARIA,Transportes
2026,2025,2,2301,4293,10,0,Investimentos Próprios,232486.17,DEPARTAMENTO DE ESTRADAS DE RODAGEM DO ESTADO DE MINAS GERAIS,DER-MG,DER-MG,CONSERVACAO ROTINEIRA DA MALHA VIARIA,Transportes
2026,2025,2,2301,4293,10,0,Investimentos Próprios,731090.0,DEPARTAMENTO DE ESTRADAS DE RODAGEM DO ESTADO DE MINAS GERAIS,DER-MG,DER-MG,CONSERVACAO ROTINEIRA DA MALHA VIARIA,Transportes
2026,2025,2,2301,4293,10,0,Investimentos Próprios,0.0,DEPARTAMENTO DE ESTRADAS DE RODAGEM DO ESTADO DE MINAS GERAIS,DER-MG,DER-MG,CONSERVACAO ROTINEIRA DA MALHA VIARIA,Transportes
2026,2025,2,2301,4293,10,0,Investimentos Próprios,0.0,DEPARTAMENTO DE ESTRADAS DE RODAGEM DO ESTADO DE MINAS GERAIS,DER-MG,DER-MG,CONSERVACAO ROTINEIRA DA MALHA VIARIA,Transportes
2026,2025,2,2301,4293,10,0,Investimentos Próprios,0.0,DEPARTAMENTO DE ESTRADAS DE RODAGEM DO ESTADO DE MINAS GERAIS,DER-MG,DER-MG,CONSERVACAO ROTINEIRA DA MALHA VIARIA,Transportes
2026,2025,2,2301,4293,10,0,Investimentos Próprios,0.0,DEPARTAMENTO DE ESTRADAS DE RODAGEM DO ESTADO DE MINAS GERAIS,DER-MG,DER-MG,CONSERVACAO ROTINEIRA DA MALHA VIARIA,Transportes
2026,2025,2,1251,4365,15,0,Investimentos Próprios,94752.0,POLICIA MILITAR DO ESTADO DE MINAS GERAIS,PMMG,PMMG,POLICIAMENTO OSTENSIVO GERAL,Segurança Pública
2026,2025,2,2301,4293,10,0,Investimentos Próprios,0.0,DEPARTAMENTO DE ESTRADAS DE RODAGEM DO ESTADO DE MINAS GERAIS,DER-MG,DER-MG,CONSERVACAO ROTINEIRA DA MALHA VIARIA,Transportes
2026,2025,2,2301,4293,10,0,Investimentos Próprios,0.0,DEPARTAMENTO DE ESTRADAS DE RODAGEM DO ESTADO DE MINAS GERAIS,DER-MG,DER-MG,CONSERVACAO ROTINEIRA DA MALHA VIARIA,Transportes
2026,2025,3,2301,4293,10,0,Investimentos Próprios,0.0,DEPARTAMENTO DE ESTRADAS DE RODAGEM DO ESTADO DE MINAS GERAIS,DER-MG,DER-MG,CONSERVACAO ROTINEIRA DA MALHA VIARIA,Transportes
2026,2025,3,2301,4293,10,0,Investimentos Próprios,0.0,DEPARTAMENTO DE ESTRADAS DE RODAGEM DO ESTADO DE MINAS GERAIS,DER-MG,DER-MG,CONSERVACAO ROTINEIRA DA MALHA VIARIA,Transportes
2026,2025,3,2301,4275,10,0,Investimentos Próprios,1469379.03,DEPARTAMENTO DE ESTRADAS DE RODAGEM DO ESTADO DE MINAS GERAIS,DER-MG,DER-MG,IMPLANTACAO/PAVIMENTACAO DA MALHA,Transportes
2026,2025,3,2301,4293,10,0,Investimentos Próprios,0.0,DEPARTAMENTO DE ESTRADAS DE RODAGEM DO ESTADO DE MINAS GERAIS,DER-MG,DER-MG,CONSERVACAO ROTINEIRA DA MALHA VIARIA,Transportes
2026,2025,3,2301,4293,10,0,Investimentos Próprios,0.0,DEPARTAMENTO DE ESTRADAS DE RODAGEM DO ESTADO DE MINAS GERAIS,DER-MG,DER-MG,CONSERVACAO ROTINEIRA DA MALHA VIARIA,Transportes
2026,2025,3,1251,4365,15,0,Investimentos Próprios,72950.0,POLICIA MILITAR DO ESTADO DE MINAS GERAIS,PMMG,PMMG,POLICIAMENTO OSTENSIVO GERAL,Segurança Pública
2026,2025,3,2301,4293,10,0,Investimentos Próprios,0.0,DEPARTAMENTO DE ESTRADAS DE RODAGEM DO ESTADO DE MINAS GERAIS,DER-MG,DER-MG,CONSERVACAO ROTINEIRA DA MALHA VIARIA,Transportes
2026,2025,3,1251,4365,15,0,Investimentos Próprios,0.0,POLICIA MILITAR DO ESTADO DE MINAS GERAIS,PMMG,PMMG,POLICIAMENTO OSTENSIVO GERAL,Segurança Pública
2026,2025,3,2301,4293,10,0,Investimentos Próprios,0.0,DEPARTAMENTO DE ESTRADAS DE RODAGEM DO ESTADO DE MINAS GERAIS,DER-MG,DER-MG,CONSERVACAO ROTINEIRA DA MALHA VIARIA,Transportes
2026,2025,3,2301,4293,10,0,Investimentos Próprios,0.0,DEPARTAMENTO DE ESTRADAS DE RODAGEM DO ESTADO DE MINAS GERAIS,DER-MG,DER-MG,CONSERVACAO ROTINEIRA DA MALHA VIARIA,Transportes
2026,2025,3,2301,4293,10,0,Investimentos Próprios,0.0,DEPARTAMENTO DE ESTRADAS DE RODAGEM DO ESTADO DE MINAS GERAIS,DER-MG,DER-MG,CONSERVACAO ROTINEIRA DA MALHA VIARIA,Transportes
2026,2025,3,2301,4293,10,0,Investimentos Próprios,0.0,DEPARTAMENTO DE ESTRADAS DE RODAGEM DO ESTADO DE MINAS GERAIS,DER-MG,DER-MG,CONSERVACAO ROTINEIRA DA MALHA VIARIA,Transportes
2026,2025,3,2301,4293,10,0,Investimentos Próprios,0.0,DEPARTAMENTO DE ESTRADAS DE RODAGEM DO ESTADO DE MINAS GERAIS,DER-MG,DER-MG,CONSERVACAO ROTINEIRA DA MALHA VIARIA,Transportes
2026,2025,3,1251,4365,15,0,Investimentos Próprios,465000.0,POLICIA MILITAR DO ESTADO DE MINAS GERAIS,PMMG,PMMG,POLICIAMENTO OSTENSIVO GERAL,Segurança Pública
2026,2025,4,2301,4293,10,0,Investimentos Próprios,234998.34,DEPARTAMENTO DE ESTRADAS DE RODAGEM DO ESTADO DE MINAS GERAIS,DER-MG,DER-MG,CONSERVACAO ROTINEIRA DA MALHA VIARIA,Transportes
2026,2025,4,2301,4275,10,0,Investimentos Próprios,540792.57,DEPARTAMENTO DE ESTRADAS DE RODAGEM DO ESTADO DE MINAS GERAIS,DER-MG,DER-MG,IMPLANTACAO/PAVIMENTACAO DA MALHA,Transportes
2026,2025,4,2301,4293,10,0,Investimentos Próprios,377021.85,DEPARTAMENTO DE ESTRADAS DE RODAGEM DO ESTADO DE MINAS GERAIS,DER-MG,DER-MG,CONSERVACAO ROTINEIRA DA MALHA VIARIA,Transportes
2026,2025,4,2301,4293,10,0,Investimentos Próprios,628776.36,DEPARTAMENTO DE ESTRADAS DE RODAGEM DO ESTADO DE MINAS GERAIS,DER-MG,DER-MG,CONSERVACAO ROTINEIRA DA MALHA VIARIA,Transportes
2026,2025,4,2301,4293,10,0,Investimentos Próprios,4481.18,DEPARTAMENTO DE ESTRADAS DE RODAGEM DO ESTADO DE MINAS GERAIS,DER-MG,DER-MG,CONSERVACAO ROTINEIRA DA MALHA VIARIA,Transportes
2026,2025,4,2301,4293,10,0,Investimentos Próprios,69864.05,DEPARTAMENTO DE ESTRADAS DE RODAGEM DO ESTADO DE MINAS GERAIS,DER-MG,DER-MG,CONSERVACAO ROTINEIRA DA MALHA VIARIA,Transportes
2026,2025,4,1251,4365,15,0,Investimentos Próprios,0.0,POLICIA MILITAR DO ESTADO DE MINAS GERAIS,PMMG,PMMG,POLICIAMENTO OSTENSIVO GERAL,Segurança Pública
2026,2025,4,2301,4293,10,0,Investimentos Próprios,443636.92,DEPARTAMENTO DE ESTRADAS DE RODAGEM DO ESTADO DE MINAS GERAIS,DER-MG,DER-MG,CONSERVACAO ROTINEIRA DA MALHA VIARIA,Transportes
2026,2025,4,1251,4365,15,0,Investimentos Próprios,0.0,POLICIA MILITAR DO ESTADO DE MINAS GERAIS,PMMG,PMMG,POLICIAMENTO OSTENSIVO GERAL,Segurança Pública
2026,2025,5,2301,4275,10,0,Investimentos Próprios,1401400.95,DEPARTAMENTO DE ESTRADAS DE RODAGEM DO ESTADO DE MINAS GERAIS,DER-MG,DER-MG,IMPLANTACAO/PAVIMENTACAO DA MALHA,Transportes
2026,2025,5,2301,4293,10,0,Investimentos Próprios,0.0,DEPARTAMENTO DE ESTRADAS DE RODAGEM DO ESTADO DE MINAS GERAIS,DER-MG,DER-MG,CONSERVACAO ROTINEIRA DA MALHA VIARIA,Transportes
2026,2025,6,1251,4366,15,0,Investimentos Próprios,11570406.12,POLICIA MILITAR DO ESTADO DE MINAS GERAIS,PMMG,PMMG,ESTRUTURACAO E MODERNIZACAO,Segurança Pública
2026,2025,6,2301,4275,10,0,Investimentos Próprios,864816.87,DEPARTAMENTO DE ESTRADAS DE RODAGEM DO ESTADO DE MINAS GERAIS,DER-MG,DER-MG,IMPLANTACAO/PAVIMENTACAO DA MALHA,Transportes
2026,2025,6,1251,4366,15,0,Investimentos Próprios,355960.0,POLICIA MILITAR DO ESTADO DE MINAS GERAIS,PMMG,PMMG,ESTRUTURACAO E MODERNIZACAO,Segurança Pública
2026,2025,6,1251,4366,15,0,Investimentos Próprios,1779800.0,POLICIA MILITAR DO ESTADO DE MINAS GERAIS,PMMG,PMMG,ESTRUTURACAO E MODERNIZACAO,Segurança Pública
2026,2025,7,1251,4366,15,0,Investimentos Próprios,14141607.48,POLICIA MILITAR DO ESTADO DE MINAS GERAIS,PMMG,PMMG,ESTRUTURACAO E MODERNIZACAO,Segurança Pública
2026,2025,7,1251,4366,15,0,Investimentos Próprios,2604800.0,POLICIA MILITAR DO ESTADO DE MINAS GERAIS,PMMG,PMMG,ESTRUTURACAO E MODERNIZACAO,Segurança Pública
2026,2025,7,1511,4060,15,0,Investimentos Próprios,1254950.0,POLICIA CIVIL DO ESTADO DE MINAS GERAIS,PCMG,PCMG,GESTAO DAS UNIDADES POLICIAIS,Segurança Pública
2026,2025,7,1511,4060,15,0,Investimentos Próprios,4236000.0,POLICIA CIVIL DO ESTADO DE MINAS GERAIS,PCMG,PCMG,GESTAO DAS UNIDADES POLICIAIS,Segurança Pública
2026,2025,7,1251,4365,15,0,Investimentos Próprios,0.0,POLICIA MILITAR DO ESTADO DE MINAS GERAIS,PMMG,PMMG,POLICIAMENTO OSTENSIVO GERAL,Segurança Pública
2026,2025,7,1251,4366,15,0,Investimentos Próprios,19040000.0,POLICIA MILITAR DO ESTADO DE MINAS GERAIS,PMMG,PMMG,ESTRUTURACAO E MODERNIZACAO,Segurança Pública
2026,2025,7,1251,4365,15,0,Investimentos Próprios,250990.0,POLICIA MILITAR DO ESTADO DE MINAS GERAIS,PMMG,PMMG,POLICIAMENTO OSTENSIVO GERAL,Segurança Pública
2026,2025,7,1251,4366,15,0,Investimentos Próprios,321000.0,POLICIA MILITAR DO ESTADO DE MINAS GERAIS,PMMG,PMMG,ESTRUTURACAO E MODERNIZACAO,Segurança Pública
2026,2025,7,1251,4365,15,0,Investimentos Próprios,321000.0,POLICIA MILITAR DO ESTADO DE MINAS GERAIS,PMMG,PMMG,POLICIAMENTO OSTENSIVO GERAL,Segurança Pública
2026,2025,7,1251,4366,15,0,Investimentos Próprios,0.0,POLICIA MILITAR DO ESTADO DE MINAS GERAIS,PMMG,PMMG,ESTRUTURACAO E MODERNIZACAO,Segurança Pública
2026,2025,7,1251,4366,15,0,Investimentos Próprios,0.0,POLICIA MILITAR DO ESTADO DE MINAS GERAIS,PMMG,PMMG,ESTRUTURACAO E MODERNIZACAO,Segurança Pública
2026,2025,8,1251,4366,15,0,Investimentos Próprios,7616000.0,POLICIA MILITAR DO ESTADO DE MINAS GERAIS,PMMG,PMMG,ESTRUTURACAO E MODERNIZACAO,Segurança Pública
